Subjects,Nov_B_01,Nov_B_02,Nov_B_03,Nov_B_04,Nov_B_05,Nov_B_06,Nov_B_07,Nov_B_08,Nov_B_09,Nov_B_10,Nov_B_11,Nov_B_12,Rep_B_01,Rep_B_02,Rep_B_03,Rep_B_04,Rep_B_05,Rep_B_06,Rep_B_07,Rep_B_08,Rep_B_09,Rep_B_10,Rep_B_11,Rep_B_12,RepAve,NovAve
3,1509.827273,1129.719167,1199.933333,1137.71,958.3583333,957.8325,899.5091667,981.8666667,867.5025,842.9690909,962.0841667,916.7125,1389.7,1207.5175,1073.066667,1043.210833,812.0883333,899.1183333,909.4425,849.1575,868.115,796.8316667,801.9508333,1003.830833,1030.335391,971.1691666
4,1253.313636,1022.604167,1151.551667,955.5536364,1034.375833,1096.66,923.2083333,1028.072727,842.6266667,942.5791667,904.6833333,1024.3275,1461.841667,1089.974167,1297.603333,1156.024167,1044.091667,999.7891667,1025.628182,859.2975,1075.730833,1006.5675,887.5266667,900.2263636,1014.963056,1067.025101
5,1351.653333,1182.8525,1320.5275,1062.0775,1051.834167,1047.315,1021.5925,1125.126667,1046.475833,1019.9975,1073.980833,1005.571667,1374.374545,1129.820833,1190.566667,1206.728333,1226.498333,1132.774167,944.9466667,958.84,1022.815,988.49,1016.456667,918.3008333,1109.08375,1092.551004
9,1448.090833,1541.435,1458.358333,1490.018182,1484.3775,1386.5225,1248.879167,1466.265,1248.910833,1469.579167,1269.9475,1082.049167,1145.223636,1159.266667,1189.830833,1089.894167,1305.876667,1149.170833,1217.529091,1321.120909,1135.8725,1113.314167,965.9458333,1082.436,1382.869432,1156.290109
10,1076.14,1180.495833,996.4091667,962.3016667,935.9572727,1081.16,925.7208333,1215.505455,1377.6525,1025.585,958.2866667,1066.121818,1122.803333,1130.593636,949.3708333,941.6833333,1117.200909,901.081,1124.605,1225.025,995.4316667,1081.006364,938.0825,814.8183333,1066.778018,1028.475159
11,1244,1070.378333,1000.993333,1044.615833,943.6158333,996.3075,1095.531667,1000.63,899.2066667,867.415,1000.236667,1045.814167,1105.3625,1200.623333,1032.5775,925.3325,945.3358333,840.5016667,866.295,807.3658333,883.4325,842.1172727,876.5383333,902.7508333,1017.395417,935.6860921
14,1361.730833,1113.8225,1320.718333,1013.5975,1016.673333,1137.561667,1202.1125,1376.479091,1068.588333,998.1125,1145.9325,1025.072727,1129.094545,1228.979091,1293.973333,1043.939167,1202.1125,1209.729091,1265.833333,1215.049167,1011.730833,1044.76,1145.315833,1093.6275,1148.366818,1157.012033
15,1302.260833,1158.905833,1416.970909,1004.247,1248.876364,1110.926,1095.649167,1155.1775,1010.431667,918.8290909,824.7490909,933.6572727,1113.894167,1156.797273,1103.557,1181.748333,1038.97,1132.610909,1197.608182,992.3475,1221.259167,910.7975,983.945,896.2425,1098.390061,1077.481461
16,960.1875,1011.183636,1081.105833,966.9458333,1123.186667,969.62,1000.259167,1057.216364,903.0183333,1154.9675,1045.989091,970.7033333,1024.108333,936.5775,857.7466667,878.5166667,869.8275,1037.875833,910.135,847.5883333,876.345,1038.8475,907.7036364,1138.32,1020.365271,943.6326641
18,1362.094167,1159.100909,1007.535455,1323.149167,1014.295,990.535,1166.759167,1048.235,1010.605,993.5654545,940.9541667,1100.820833,1251.830909,1273.65,1249.248333,1379.105833,1254.981667,1025.638333,1054.700833,995.3516667,937.5466667,964.7291667,1019.018333,1027.417273,1093.137443,1119.434918
19,1601.145,1459.2725,1623.096364,1249.587273,1336.24,1185.246667,1419.850909,1301.789,1262.486667,1286.040833,1295.355,1298.795455,1707.568182,1411.893333,1534.406667,1349.821667,1215.709167,1046.369091,1208.0675,1208.365455,1333.355455,1216.8125,1265.25,1050.923636,1359.908806,1295.711888
22,1171.849167,1141.580909,1124.893636,973.0966667,1116.5075,1212.349091,926.0972727,1027.206667,1141.4075,971.9466667,879.2125,1091.158333,1274.656667,1361.025,1202.24,1129.11,1032.785833,1079.096667,993.7533333,1003.060833,971.6208333,833.5072727,1033.075455,1179.314167,1064.775492,1091.103838
23,1664.135833,1134.746364,1124.938333,1177.3225,1276.855,1158.0325,1133.865,994.0483333,1025.443636,1002.803636,946.105,1004.334167,1334.65,930.3381818,965.99,1438.3675,1051.940833,813.8516667,907.8308333,923.6125,923.4116667,979.6616667,926.5591667,772.9916667,1136.885859,997.4338068
24,1281.903636,1294.18,1304.985,1261.630909,1136.548333,1143.968182,1200.375,1094.883333,1286.0825,1321.831667,1100.433333,1100.765833,1489.286667,1421.059091,2168.311667,1605.208182,1140.053333,1432.3825,1105.806667,1345.596667,1213.389,1546.968182,1394.689167,1039.5275,1210.632311,1408.523219
25,1279.736667,1280.9,1054.791667,1252.679091,1006.980833,1100.555,976.8433333,889.1933333,1025.918333,1105.874167,890.2883333,836.9563636,1131.291667,1159.900833,1049.121818,1070.151667,1036.040833,1084.293333,1070.42,986.16,988.3590909,1009.13,954.9891667,985.2975,1058.393093,1043.762992
26,1010.407273,790.8966667,820.6258333,988.2158333,728.1716667,853.3336364,769.8972727,700.3008333,678.1133333,756.4154545,777.7772727,672.8616667,1257.275833,1087.543333,967.3709091,857.0836364,704.86,987.7041667,891.8227273,825.8141667,804.819,824.9636364,769.28,726.6590909,795.5847286,892.0997083
28,1143.425,1091.44,977.1441667,968.28,1222.03,1177.349091,1025.315,829.3525,816.0566667,833.1027273,821.1890909,837.0658333,1116.601818,1294.499167,1247.700833,1106.2525,1035.529167,970.6781818,1041.422727,1101.735833,938.7541667,890.0933333,886.4316667,935.1016667,978.479173,1047.066755
29,1307.688333,1194.205833,956.7275,944.8066667,1047.891818,1259.728333,937.3641667,885.2583333,943.9491667,1035.556667,730.6109091,948.8566667,1397.975,1203.539167,1019.798333,1119.023636,1012.085833,1144.970833,1136.51,906.8058333,1027.4475,991.96,1005.2825,912.4872727,1016.053699,1073.157159
31,1588.824167,1432.095,1164.599167,1152.084545,1006.3275,1421.403333,1173.808333,1094.961667,1032.715,1021.796667,1303.417273,1102.955,1472.921667,1402.956364,993.2941667,1027.6475,1107.735,1168.583333,1173.0275,1060.083333,1063.678333,905.1633333,940.3891667,899.4483333,1207.915638,1101.244003
37,1592.076667,1567.656667,1335.468333,1495.82,1135.539167,1684.794545,1489.6225,1510.616667,1290.102727,1243.884167,1601.849091,1421.898182,1699.5925,1995.54,1522.221818,1883.103636,1614.303636,1570.273333,1812.427273,1699.223333,1571.958333,1623.346667,1584.630833,1443.978333,1447.444059,1668.383308
38,1577.68,1351.9,1360.187273,1185.076667,1221.220833,1593.523333,1325.843333,1133.483333,1295.97,1120.986364,1262.895,1384.510833,1342.79,1282.6925,1414.28,1158.063333,1465.530833,1220.670833,1228.539167,1320.658333,1141.8225,1297.481667,1291.816667,1239.060833,1317.773081,1283.617222
40,1837.6825,1271.870833,1377.203333,1023.651667,1227.059167,1611.791667,1162.27,1037.99,1054.333333,1034.845833,1159.058182,1075.5025,1496.3925,1424.721667,1190.0625,1294.005833,1107.529167,1119.764545,975.1616667,1050.2,1112.411667,1099.656667,1113.935833,878.1275,1239.438251,1155.164129
43,1055.7425,1285.855833,1246.955455,1330.729167,1122.435455,1214.756667,1115.255,1130.3175,976.5033333,1157.388333,1115.001667,985.14,1257.568333,1196.014167,1136.242727,1083.3175,1221.26,1078.1225,1230.97,1178.110833,1142.685833,975.0491667,1060.361667,1007.62,1144.673409,1130.610227
44,1537.386364,1415.988333,1664.489167,1322.555833,1212.194167,1213.004167,1300.4625,1172.591667,1414.271818,1171.2725,1324.49,1283.939167,1358.953333,1470.08,1322.4625,1241.315,1072.579167,1016.663333,1179.963333,1051.613636,1145.579167,943.1033333,1251.281667,1104.445833,1336.053807,1179.836692
45,868.6758333,1230.275,931.505,1093.16,1059.939091,1245.0425,1090.7125,899.1841667,1017.925455,846.1336364,823.9825,834.3525,1338.840833,1072.3575,1094.448333,802.3433333,817.7208333,950.7008333,833.065,911.4116667,855.2808333,738.175,899.8908333,832.9516667,995.0740152,928.9322222
46,1198.665833,1103.925833,1108.633333,1136.4925,1274.58,1108.943333,1121.050833,1076.6325,1082.755833,1040.67,1015.353333,979.8675,1391.895,1071.274167,1179.118333,993.1,968.7183333,985.8416667,1097.675833,928.6508333,851.3536364,1089.716667,898.9225,943.8433333,1103.964236,1033.342525
47,1209.634167,1131.249167,980.3541667,996.0441667,1094.318333,1106.038333,991.3475,1038.375,935.1158333,1011.425833,904.3083333,1010.055,1122.958333,1062.929167,1040.45,1002.165,1109.930833,1184.898333,931.3308333,937.6883333,830.8916667,913.2875,1007.588333,921.0625,1034.022153,1005.431736
48,1648.315,1158.845833,1436.766667,1380.9525,1207.63,1182.0775,1114.343333,1301.6325,1058.9,1201.431667,1366.401667,1186.049167,1443.425833,1278.26,1300.43,1287.318333,1186.088333,1326.81,1218.544167,1293.818333,1329.923636,1345.631667,1268.52,1265.64,1270.27882,1295.367525
49,1619.266667,1559.21,1330.529,1110.528,1317.246667,1307.85,1232.819167,1176.988333,984.4633333,1142.660909,1190.183333,1066.525833,1424.636667,1448.63,1459.2125,1211.653333,1385.882,1020.831818,1111.713333,1041.5175,889.3108333,1020.53,1059.579091,955.2954545,1253.18927,1169.066044
50,1346.099,1230.529167,1208.1925,1047.389091,1227.088333,1020.151818,1077.559167,1226.568333,1434.325,969.7154545,1062.152,1064.52,1414.528889,1332.610909,1279.840833,1175.785,1307.063333,1220.005833,1261.1075,1055.45,1060.244545,1157.464167,1051.898,991.4733333,1159.524155,1192.289362
52,1111.285833,1208.854167,1044.871667,1162.875833,1083.231818,1014.923333,978.4808333,1085.573333,1097.7875,948.2425,1228.66,1059.0375,1321.2125,1182.239091,1228.69,1297.979167,1127.538333,1189.615833,1112.278333,1032.751667,994.7841667,1026.573333,1040.286364,907.8258333,1085.318693,1121.814552
55,1017.696667,1124.5425,1328.158333,1217.288333,993.1066667,1105.03,1236.306667,999.2790909,999.8833333,1056.624167,1065.685,995.2633333,1353.508333,1360.103636,1423.435833,1185.793333,1161.379167,979.07,998.585,1134.869167,1097.741667,972.1333333,922.0908333,1034.625833,1094.905341,1135.278011
56,3453.240833,2197.779167,1560.588333,1095.5825,1294.560833,1333.898333,1171.286667,1105.533333,1588.392727,1212.469167,1067.425833,1350.618333,3829.028333,1845.853333,1186.515,1515.135,1172.231667,2107.8275,1124.8225,1166.0575,1251.3625,925.8766667,1147.823333,989.0033333,1535.948005,1521.794722
57,1111.24,924.4541667,768.23,1167.627273,912.6491667,942.1008333,867.85,842.3581818,904.0927273,809.985,1006.34,916.9218182,884.8208333,891.1383333,1061.794545,1213.431818,1002.373333,897.0566667,859.18,831.5641667,981.1991667,978.4918182,1018.804167,837.4336364,931.1540973,954.7740404
59,1809.044,1630.795,1351.349167,1051.649091,1304.4625,970.1925,980.0941667,1053.393636,1050.005833,1145.375,1052.843636,1095.45,1518.274167,1044.425833,1311.645,1052.675833,1094.674167,983.49,1052.821667,1138.378182,1086.005833,896.8966667,1089.881667,1176.609167,1207.887877,1120.481515
61,1208.679,1423.149167,1334.650909,1399.380833,1277.413333,1148.646364,1332.185,1428.115,1598.308333,1295.715,1346.223333,1063.434545,1308.495455,1152.186667,1381.688333,1365.8,1301.562,1144.4425,1260.366667,1220.292222,1327.646364,1291.834167,1488.418333,1056.606667,1321.325068,1274.944948
62,1129.375,1078.790833,1250.96,1242.405833,1194.2875,1133.496667,1185.4925,1206.34,1256.719167,1356.578333,1177.516667,1114.21,1921.215833,1144.818333,1237.444167,1139.2525,1202.71,943.5333333,1496.1875,1134.6825,1107.174167,1016.005,1152.939167,950.9191667,1193.847708,1203.906806
63,1202.699167,1044.3875,1037.190833,1098.864545,1020.8625,1041.556667,1214.796667,1071.454167,1039.181667,1257.344167,870.0175,998.5,1250.480833,1091.774167,1177.501667,1062.855,1138.901667,1029.895,997.9236364,874.3708333,849.0708333,984.1666667,1054.5675,1002.6025,1074.737948,1042.842525
64,1146.702727,940.898,1103.525833,982.203,1267.71,1044.125,1076.793333,956.8766667,998.2183333,809.404,811.9183333,809.7845455,1154.811667,909.1175,1007.351667,907.7116667,982.2775,1027.314545,1037.249167,989.534,839.4675,767.7218182,812.3725,864.0590909,995.679981,941.5823852
65,1754.069,1617.77,1420.005833,1496.682,1369.086667,1453.031818,1489.465833,1365.2875,1561.748333,1605.46,1330.155833,1357.287273,1355.825455,1511.3475,1432.698333,1311.578,1587.5475,1398.010909,1175.971667,1360.495556,1413.946364,1345.901667,1466.729167,1220.0475,1485.004174,1381.674968
66,2572.737,2507.743,2345.463333,1618.324167,1295.922,1445.646364,1133.1975,1452.466364,1391.7475,1102.619091,1116.803636,1106.317,2421.2225,2348.776667,2394.605,1920.858182,1188.1825,1253.040833,1225.6225,1230.3825,1093.499,1152.921667,1028.850833,1113.37,1590.748913,1530.944349
67,1271.1175,1239.285833,1148.7375,1070.929167,1251.038182,1013.019167,1134.700833,1198.771667,1121.749167,1035.205833,969.4441667,932.4458333,1480.3575,1349.445,1176.196667,962.9236364,1253.518333,977.4258333,1146.105,1141.454167,1053.586667,1102.013333,1035.180833,1209.840833,1115.537071,1157.337317
68,1563.130909,1211.9,1328.765833,1183.464545,1146.223333,1322.315455,1139.728333,1045.54,1026.311667,1196.7275,1240.219167,914.1758333,1554.871667,1628.237273,978.1825,1074.793636,1068.581667,1381.885455,1200.806667,1083.4,1083.769167,1175.98,898.9027273,1027.275,1193.208548,1179.723813
69,1094.415,1330.2075,1193.0775,988.305,1140.6575,1383.48,1117.84,1510.355,1199.383333,1163.46,1154.495,1092.182727,1198.318333,1115.748182,1169.395,1358.336,1149.4825,1018.670909,979.5558333,985.095,1125.855,1011.003333,940.3690909,994.4008333,1197.321547,1087.185835
71,917.2383333,854.7445455,1138.294167,985.7908333,937.5575,945.0866667,1003.366364,888.83,1005.176667,738.0891667,800.2433333,997.9658333,960.8925,901.5118182,821.8366667,964.4566667,901.5775,813.5241667,787.5691667,973.2558333,902.6341667,749.73,885.4783333,820.6827273,934.3652842,873.5957955
72,941.5972727,998.3241667,1062.405,1128.534167,1050.6425,1098.894167,846.9691667,926.3616667,954.7891667,826.46,1037.124167,905.3725,960.5927273,954.55,986.1941667,1071.75,1170.471667,934.9858333,861.4958333,918.955,892.1533333,846.8566667,970.4054545,955.8808333,981.4561617,960.3576263
73,1255.183333,1231.620833,1133.313333,1215.494167,1059.795833,1181.235833,1204.418333,1067.525,1131.964167,946.3633333,925.9683333,972.8566667,1507.7125,1128.628182,1211.0725,1067.121667,1023.553333,1243.1825,1052.304167,1142.507273,1098.928333,1064.430833,1045.99,955.5263636,1110.478264,1128.413138
76,1148.025455,1083.723333,1038.352727,983.3983333,1373.028182,1187.402727,904.655,967.7966667,1135.4475,963.7125,1081.008333,1017.4975,1144.303333,1143.449091,1222.515833,1231.545833,1312.900833,1080.539167,1091.886667,1049.290833,980.8133333,1091.354545,1080.6075,1125.499167,1073.670688,1129.558845
77,1425.620833,1358.71,1372.95,1083.195455,1235.579167,1209.263333,1066.365833,895.2425,1043.141667,975.3083333,901.1266667,1014.961667,1312.1825,1478.56,1434.051667,1181.355,1128.298333,1022.894167,960.255,955.0483333,958.435,881.2916667,914.3066667,948.78,1131.788788,1097.954861
78,1336.884167,1059.074,1194.235833,942.814,1170.855,1184.128,1011.015833,1334.860909,1190.099167,1035.083636,1069.4775,899.7041667,1173.195833,1222.3925,1056.785833,1208.718333,1063.28,991.6490909,919.9933333,957.7636364,944.2366667,1045.795833,787.4116667,988.635,1119.019351,1029.988144
81,1000.168333,993.6008333,1229.66,1248.206667,1171.905,1277.3525,1040.8675,859.2072727,955.4266667,863.4783333,1219.996667,897.71,933.5525,920.2675,1215.251667,1101.656667,1163.76,1185.0925,1128.21,739.4266667,997.6791667,740.1841667,1156.329167,850.4733333,1063.131648,1010.990278
82,1024.419167,965.7591667,829.9941667,1039.550909,847.8341667,863.2083333,836.6575,769.9091667,803.6016667,881.605,810.7591667,757.7275,1181.0675,982.2475,958.3966667,953.5258333,836.5741667,787.7525,896.4841667,834.8266667,848.4227273,878.4,738.1316667,869.8608333,869.2521591,897.1408523
83,1252.159167,1233.936667,1129.121667,911.9072727,1198.639091,1143.771818,1185.095833,1173.679167,1107.740833,1091.913333,1082.9475,1140.386364,1310.95,1145.951667,1126.918333,1366.745833,1292.670833,1158.6025,1399.278333,1041.14,1131.340833,1224.341667,912.4175,1276.535833,1137.608226,1198.907778
84,1217.932727,994.7725,1341.845833,978.8327273,991.525,1087.538333,1016.5425,965.2708333,1069.405,1246.163636,946.3233333,1044.901667,1477.928333,1318.410833,1038.293333,1165.044167,998.7136364,1131.379167,999.9466667,1178.031667,988.3783333,1058.1425,1026.529167,1161.430833,1075.087841,1128.519053
85,856.0066667,973.645,963.5983333,890.72,840.5025,880.2325,738.1118182,738.504,796,735.5518182,890.17,801.0054545,826.9116667,941.6536364,770.3741667,815.655,832.9583333,817.3527273,746.2781818,651.3525,751.0527273,674.3175,704.6416667,751.7266667,842.0040076,773.6895644
86,1361.688333,1440.848182,1341.583333,1082.8275,1183.840833,1269.445833,1083.859167,1178.286364,1257.056364,1286.704167,1247.291667,1341.695833,1470.121667,1430.6675,1331.925,1253.863333,1343.321667,1284.088182,1191.511667,1324.482,1259.305,1100.19,1021.066667,983.433,1256.260631,1249.497974
87,1480.673636,1582.315556,1392.107,1397.646364,1381.283333,1123.143333,1191.828182,1161.344167,1322.73,1252.056667,1137.127273,1163.323333,1378.594167,1168.2725,1418.655556,1323.305833,1379.166667,1176.345833,1298.262727,1052.579167,1138.485833,1074.310909,1221.467273,1315.116667,1298.798237,1245.380261
88,982.01,866.3618182,971.9233333,1181.116667,898.1733333,1082.51,1079.898333,980.5216667,909.8433333,956.5516667,1249.563333,858.9909091,1004.075,775.7963636,805.0191667,955.4016667,901.6333333,886.8483333,1012.474167,806.635,927.0525,987.0790909,785.975,816.5158333,1001.455366,888.7087879
89,1490.139167,1149.109091,1484.194,1361.677273,1486.809167,1136.394167,1388.545833,1196.3,1322.050833,997.8058333,1073.135,1303.14,1628.339167,1367.226667,1228.0675,1191.251818,1347.715455,1028.291818,1076.7675,1662.041667,1266.370833,1021.966667,1052.27,1375.27,1282.441697,1270.464924
91,1212.399167,1196.029091,1018.93,1043.913333,1039.454167,1194.444167,845.2641667,928.2191667,960.33,931.35,917.8075,1056.054167,1297.268333,1116.628333,931.4236364,1190.9375,1018.743333,1135.021667,946.06,1132.803333,921.955,1037.999167,801.3091667,974.4141667,1028.68291,1042.04697
92,1309.67,852.7227273,1223.73,1051.877273,1122.543333,918.8063636,928.65,889.7781818,778.9590909,895.3708333,837.822,816.5258333,1305.844545,1167.330909,1176.900833,1082.551818,1166.580909,833.0675,841.0790909,1018.284167,829.1391667,895.9454545,941.1566667,879.9175,968.871303,1011.483213
93,1099.813636,1193.959,1236.626667,1038.326,943.9275,1028.79,1007.291667,1164.1025,901.8445455,1120.939167,1193.08,1052.396667,1536.480909,1027.123333,1270.170909,1100.579167,976.1141667,1094.495,961.7841667,974.8736364,1003.113333,1175.653333,1188.520833,1160.63,1081.758112,1122.461566
94,1495.045455,1218.543333,1154.355833,1135.261,1217.155,1060.151667,1227.401667,1224.209167,935.0575,1109.012727,1115.812222,1004.726667,1119.665,1151.767,1097.461818,1194.571667,1125.705,994.212,969.815,1116.264167,993.89,896.84,982.78,1063.938333,1158.06102,1058.909165
95,1281.1775,1144.175,1254.288333,1423.63,1349.8975,994.7972727,1036.115833,1158.771818,1383.901818,1109.761667,1020.259091,1085.998333,1571.595,1256.119091,1138.422727,1386.395,1369.03,1179.2175,991.5675,1201.1975,1270.075833,1102.613636,947.3309091,1072.890833,1186.897847,1207.204627
96,1031.833333,1082.27,1084.34,948.2966667,1072.114545,1002.73,966.9983333,974.495,1025.951667,869.84,844.3191667,943.92,1300.106667,1167.536667,1216.054167,1132.398333,1148.213333,1177.594167,1009.934167,1028.323636,983.2716667,1053.26,1013.778333,936.6136364,987.2590593,1097.257064
97,1226.817,1215.3425,1092.610833,1145.571667,1083.885833,1134.557778,1437.16,1179.1575,1095.818889,1282.9,1161.924167,1203.463333,1176.089167,1140.184167,1363.091,1193,1047.003333,1151.283,1184.610909,874.7166667,1164.56,1220.092,1028.401667,1307.859,1188.267458,1154.240909
99,1161.532,957.5318182,1142.915833,1371.725833,921.0563636,1052.5675,959.22,967.245,970.8991667,1508.375,949.0158333,888.4241667,1317.68,1242.648889,1066.154167,1319.974444,1065.419,1458.697273,1047.173333,990.265,973.9808333,1306.796364,1020.65,1114.450833,1070.87571,1160.324178
100,1426.425,1313.44,1285.861,1295.822222,1151.406,1166.112,1011.623636,1538.035,1059.563333,1429.161667,1238.586667,1097.57,1326.739,1270.428,1103.17375,1341.352222,1170.0875,1053.396,1093.069167,1083.336364,1139.6825,1142.429167,1171.551667,1093.3375,1251.133877,1165.715236
102,1096.675,1102.100833,1324.141818,1011.318333,1163.0775,1096.132727,1269.778333,1138.923636,1245.775,969.37,944.5808333,1083.834167,1195.8375,1174.124,1039.719167,1173.159167,1136.4475,1073.98,1018.659167,1096.359167,1101.753636,900.0291667,1038.97,983.2818182,1120.475682,1077.693357
103,1835.581818,1330.681667,1246.343333,1206.808182,1094.986667,1080.175,1234.119167,1122.3975,1062.705833,1226.386667,1168.258333,1089.074545,1447.025833,1284.036667,1095.6075,1190.900833,1048.265,1000.0625,1201.250833,1271.708182,1140.525833,1026.951818,903.5963636,1043.2025,1224.793226,1137.761155
105,1013.548333,885.1083333,943.7433333,918.9216667,865.7366667,985.9866667,790.2141667,822.0475,794.3008333,967.3025,1004.035,806.8066667,1067.3675,980.5309091,1036.2,923.4772727,1059.24,791.1345455,1102.985833,861.8883333,885.81,809.1518182,883.2,807.0025,899.8126389,933.9990593
106,1324.029167,1287.485833,862.4575,1157.821667,1086.188333,1044.516667,1008.829091,1025.607,981.7958333,1107.36,1006.771667,934.2308333,1145.4975,1024.7325,1091.576667,1001.505455,1101.679167,1062.433333,1144.843333,906.6427273,1003.7725,853.4258333,879.47,1009.827273,1068.924466,1018.783857
109,1499.474167,1106.7875,961.025,1289.283333,1210.725833,1069.426667,909.6108333,1064.291667,1248.126364,853.0358333,934.9966667,1051.84,1209.5475,1200.614167,1182.260833,932.2091667,1054.035,971.1908333,1023.641667,957.0091667,1215.200833,904.0383333,1059.731667,1016.6675,1099.885322,1060.512222
110,1238.398333,1235.4425,1262.335833,1213.578333,1128.589167,945.26,1185.0625,1263.856364,1161.188333,1162.915,948.6991667,1054.531667,1126.805,1323.111818,1161.485833,1149.285833,1247.7625,1116.501667,1300.293333,1132.071818,1093.97,1163.67,1172.858333,956.6433333,1149.9881,1162.038289
111,1048.345833,1252.580833,1072.138333,1101.340833,871.1925,1094.358333,880.3558333,983.7408333,811.2316667,949.3316667,770.5733333,1001.07,939.4290909,1107.1175,1109.119167,932.075,905.5716667,1043.906364,895.1316667,782.835,834.0458333,840.4308333,795.4291667,860.0309091,986.3549999,920.4268498
112,1548.148333,1193.115,1238.755833,1004.583333,949.9825,1340.353636,1233.063,1223.436667,1132.271667,1061.865,877.526,1180.783333,1453.962727,1194.486667,1247.199167,855.271,1153.183333,1107.38,1540.476667,1149.820833,1117.496667,923.1975,1039.286667,1008.481818,1165.323692,1149.186921
113,1019.5775,1108.240833,968.0516667,943.1258333,912.8383333,885.6966667,998.265,1032.531667,885.4341667,903.7745455,984.4758333,771.4341667,1185.281667,1019.0125,910.3808333,1114.83,928.7181818,892.3109091,976.915,880.4925,987.09,767.2233333,735.87,690.4536364,951.1205177,924.0482134
114,1160.934167,922.5290909,985.9608333,970.2258333,1108.34,872.9136364,803.9558333,854.9233333,932.3316667,913.8836364,911.5475,871.525,1226.4175,922.889,910.3175,870.3766667,1168.025,997.0575,977.3216667,897.3925,912.3125,808.5108333,902.8475,834.4816667,942.4225442,952.3291528
115,1058.493333,985.72,1041.415,1189.695,1367.295833,1081.496667,1118.67,1101.910909,1028.8875,934.5275,893.5233333,1241.165,1048.135455,1144.120909,1068.610833,1401.079167,1059.521667,1167.855833,931.6225,939.725,1135.9275,812.5908333,1047.8425,1006.11,1086.900006,1063.595183
116,1173.612727,975.4877778,1070.71,1062.002727,905.7609091,778.1572727,871.7781818,806.2066667,807.3408333,814.845,884.43,746.2458333,1210.945833,951.63,1059.395833,760.7441667,937.8125,974.7758333,959.0318182,818.7909091,791.5925,783.01,850.8241667,680.645,908.0481607,898.2665467
118,1076.190833,1123.966667,1041.845,1029.025455,1046.885,1076.419167,1084.24,1078.7325,983.2408333,1166.912727,1003.605833,1008.780833,1110.03,1338.804167,1058.435,1164.838333,1063.605,1087.244444,1076.423333,1075.822727,832.186,1056.414167,1031.788333,1069.604167,1059.987071,1080.432973
119,1221.625833,1087.809167,1005.7525,1045.409167,1030.849167,1016.538333,1038.370833,1076.875,958.66,963.135,847.055,935.2066667,1057.935,920.6008333,1261.576364,1075.165,925.7883333,899.7108333,938.2825,980.3816667,846.27,821.2916667,828.2916667,943.0641667,1018.940556,958.1965026
120,1357.35,1406.662727,1065.766667,1342.725833,1141.330833,1397.378182,1067.363333,1200.711818,1255.271667,1017.106,1191.11,1145.941818,1365.869167,1428.471,1406.355,1293.196667,1149.361667,1102.455,1139.301667,1146.79,1276.473333,1077.136667,1195.265,1039.714167,1215.726573,1218.365778
121,1029.840909,1289.574167,1228.81,1308.976667,1104.945,1255.011667,1036.890833,1159.468182,1121.213333,1204.151667,1074.660909,960.2990909,1242.828182,1116.557273,1044.396667,1063.463333,1039.691667,1192.2475,985.5,1080.380833,969.4516667,998.9108333,948.5716667,960.7333333,1147.820202,1053.56108
122,909.6909091,919.51,905.2808333,767.368,857.355,923.5758333,975.105,885.91,724.7066667,1002.231667,854.9908333,955.74,984.1916667,915.5790909,1003.009167,1001.138182,1020.243333,846.0908333,864.7291667,868.8025,762.4333333,908.4066667,958.2775,839.95,890.1220619,914.4042866
123,1560.119091,1215.364167,1255.774545,1128.18,1074.026667,1260.857273,1179.970833,1037.071667,1097.110833,1088.075833,1037.358182,1052.65,1086.63,1529.812727,1160.814167,1253.640833,1069.791667,1044.344167,1363.773333,1101.139167,1264.878182,1050.829091,1124.889167,1216.2575,1165.546591,1188.9
124,2346.350833,2234.366667,2293.045833,2287.170833,2330.774167,2364.6025,2321.471667,2286.405,2299.050833,2254.83,2270.236667,2244.451667,2368.445833,2154.794167,2264.415,2289.098333,2330.6725,2336.777273,2275.973333,2256.496667,2064.615833,2233.101667,2213.7525,2241.285,2294.396389,2252.452342
131,1051.440909,910.8558333,906.4991667,1038.864545,826.9372727,861.8825,927.6709091,951.0127273,1049.013636,752.4745455,1017.135,860.7983333,1077.154167,1092.589091,828.94,1051.035,975.4725,955.223,825.5866667,831.455,916.705,890.029,812.6366667,857.5825,929.5487815,926.200716
132,1296.9525,1126.005,1242.315833,1048.045,939.36,1076.394167,1074.470833,1031.1725,1049.516667,980.4291667,1123.894545,1022.288182,1274.5475,1197.076667,1318.050833,865.795,1103.454167,1006.059167,942.255,967.065,972.1916667,939.0616667,1017.726667,1027.526667,1084.237033,1052.5675
133,1129.338333,886.3090909,772.7425,920.7808333,992.1275,873.8690909,931.1472727,932.6672727,850.9490909,793.6609091,676.6858333,719.9666667,1004.748333,964.8441667,943.2891667,760.9158333,927.2281818,967.9516667,820.4008333,1065.744167,1064.471667,910.0225,923.2625,824.4108333,873.3536995,931.4408207
134,1309.820833,1063.15,944.5416667,1015.330833,1038.161667,1186.92,904.2566667,1199.105,898.2458333,858.3258333,996.22,910.8,1312.648333,1248.305833,1002.814167,1001.030909,902.9241667,1025.99,940.3025,893.4175,1034.526667,1155.409167,804.1191667,938.2525,1027.073194,1021.645076
135,1298.416667,1486.576,1153.9975,1464.345455,1335.604167,1531.238,1649.868333,1342.210909,913.7527273,1441.049091,1163.966667,1142.629167,1511.748182,1153.868333,1272.783333,1205.72,1253.270909,1521.508,1346.785833,1229.743333,924.8366667,1155.645455,1019.814167,1024.179167,1326.971224,1218.325282
136,1270.385,1158.980833,1199.453636,996.7545455,1227.375833,1281.763333,1252.608333,1005.31,1110.8775,1099.0975,1155.979167,1263.382727,1033.7825,1249.669091,1205.091667,1264.669167,1130.446667,1027.418182,1055.329167,977.2366667,915.4083333,935.2825,1106.045833,933.0318182,1168.497367,1069.450966
137,1410.393333,1202.136667,1310.310833,1146.564545,1284.096364,992.1533333,1229.4675,1181.703333,1078.873333,956.3833333,1013.743333,912.8575,1271.161667,1197.443333,1338.721667,1017.343333,1174.311667,994.6091667,980.1058333,886.5191667,935.5875,961.6333333,865.3108333,1021.075833,1143.223617,1053.651944
138,1305.048333,1212.635833,1058.319167,1105.7375,963.16,1064.413333,991.8191667,981.6075,932.0508333,996.57,859.2518182,1070.748333,1028.590833,1006.350833,967.6808333,1057.478182,978.5108333,971.9008333,832.8725,1054.463636,917.0241667,923.4866667,928.7033333,769.3458333,1045.113485,953.0340403
140,1372.006667,1437.711667,1231.476667,1313.441818,1262.430833,1159.436667,1228.726667,1242.876667,1083.535,970.0116667,1024.43,1212.52,1619.3875,1387.500833,1239.669167,1182.795,1433.468333,1217.37,1086.424167,1106.8875,1235.945833,941.3409091,1323.115833,1208.7675,1211.55036,1248.556048
141,1263.028333,1281.530909,944.7790909,1130.249091,1090.174167,1025.0675,962.6683333,1163.685833,967.9608333,1170.805833,998.7058333,1123.714167,1275.728333,1152.5925,1237.74,1285.356667,1102.715833,1168.9675,981.2683333,973.2008333,973.93,1067.9675,968.5558333,905.3166667,1093.530827,1091.111667
142,1007.5875,907.7725,1398.523333,1075.700833,1018.035833,981.9458333,913.1016667,884.37,1056.357,916.1933333,1031.335833,869.4709091,1111.8875,1009.043636,1015.3175,1165.396667,1007.82,1192.8025,1077.064545,1023.275455,932.4866667,967.9381818,731.6966667,1002.740909,1005.032881,1019.789186
143,1197.294167,1274.725833,1216.131818,1105.532727,1119.155833,1335.517273,1260.7325,1055.0775,1123.25,1038.791818,1244.3475,970.5266667,1485.5025,1170.165,1147.235,1042.434167,1383.015833,933.5341667,972.6325,994.19,1039.881667,1026.934545,1044.045833,878.85,1161.75697,1093.201768
147,1120.034167,953.8266667,1039.599091,927.925,762.204,1027.896667,770.8866667,882.2125,832.2241667,967.6663636,813.7163636,825.1275,1075.279091,1054.056364,908.8658333,920.096,988.4525,894.0266667,870.5466667,861.8583333,822.82,864.5236364,950.9066667,940.2209091,910.276596,929.3043889
151,1160.1325,1158.553333,1208.388333,995.405,923.6018182,1021.159167,964.4672727,971.5318182,899.8216667,867.335,1265.226667,898.984,1360.128182,1037.524545,1125.3575,1166.881667,944.9958333,1010.84,1007.694167,900.8309091,907.3391667,939.6758333,910.4336364,876.9608333,1027.883881,1015.721856
152,1523.676667,1378.038182,1573.5225,1132.565455,1193.988333,1315.0525,1207.030833,1134.58,1396.139091,1347.163333,1204.8675,1033.946667,1566.171667,1516.673636,1278.768182,1243.61,1211.5025,984.4027273,1058.92,1006.601667,1059.23,982.985,1150.266667,1029.291667,1286.714255,1174.035309
153,1358.960833,924.7333333,1172.8025,989.8683333,1095.053333,1094.875,1096.425833,905.0408333,1137.1175,998.8466667,914.255,912.7216667,1156.011667,1083.480833,980.3433333,1012.965833,1007.919167,1035.16,1021.428182,927.2075,1047.8425,863.5858333,919.6233333,857.5425,1050.058403,992.7592235
154,1178.7775,1229.7775,1486.112727,1470.310909,1345.414167,1296.205,1410.970909,1406.295,1346.830833,1056.0175,1301.486667,1053.360909,1674.158333,1366.656667,1236.836667,1030.150909,1545.7525,1111.812727,1145.129167,1189.090909,1246.661,1107.829167,1147.821818,878.3933333,1298.463302,1223.357766
156,1097.19,1059.320909,957.592,1001.377778,1030.704,1063.639,1018.444545,946.4866667,753.7445455,778.7755556,879.5709091,862.7211111,1111.680833,1122.542857,887.09,944.8611111,906.7518182,1050.077778,1274.146364,749.64,726.9054545,820.2444444,974.4490909,872.7022222,954.130585,953.4243311
157,1611.147,1162.261667,1377.535833,1352.570909,1708.16,1678.693636,1278.986364,1474.655833,1574.724444,1231.351667,1098.610833,1335.394167,1308.39,1177.659167,1448.554167,1338.186667,1542.25,1322.869167,1172.359,1531.538,1456.084545,1099.9725,1093.337273,1304.304167,1407.007696,1316.292054
158,1022,1051.149167,1005.3125,996.3741667,968.8925,922.8933333,951.0466667,985.4458333,870.04,866.0325,909.955,851.3066667,1200.139167,948.0845455,1034.505833,1142.3575,984.6466667,938.6,990.7883333,1095.426667,1052.18,986.1441667,951.375,798.6791667,950.0373611,1010.24392
159,1240.564167,1153.45,1410.776667,1214.375,1253.811667,1063.745455,1383.771667,1673.032,1376.176364,1232.070833,1269.054167,1346.023636,1294.230909,1359.824167,1121.476364,1323.825455,1287.192222,1285.815,1324.285,1699.84,1454.809091,991.7558333,907.8066667,1115.958182,1301.404302,1263.901574
160,1452.323333,1400.167,1157.583333,1444.788333,1319.12,1549.421818,1066.320833,1306.631818,1249.924167,1013.417273,967.0725,1074.474444,1252.024545,1529.797,1288.589167,1130.55,1378.133333,1236.984167,1138.8075,1045.319167,1051.980833,923.6933333,1002.631667,939.2816667,1250.103738,1159.816032
161,1212.344545,1040.106,1148.225556,1315.395833,1058.766364,993.1058333,1015.626667,995.911,956.7041667,959.9772727,1039.720909,998.1872727,1190.81,1021.277273,1149.842727,1074.091667,1059.139167,941.24,903.3508333,899.3208333,930.5445455,873.8281818,899.4672727,979.643,1061.172618,993.5462917
162,1239.588182,1062.146667,1117.193333,1054.275455,1059.213636,938.0054545,958.77,692.1541667,821.4758333,865.4741667,793.845,962.1116667,1095.693333,992.8518182,1305.426364,975.8775,965.9191667,947.6175,874.4533333,952.085,864.6325,883.1341667,768.7716667,826.9,963.6877967,954.4468624
163,1769.938,1740.941429,1521.726667,1618.911818,1347.025,1617.510833,1363.228333,1401.519167,1255.222727,1408.443636,1439.521818,1465.4,1666.24,1836.678889,1812.918,1513.404545,1377.9125,1565.079167,1468.3975,1485.513636,1223.063333,1310.884167,1224.954167,1296.614167,1495.782452,1481.805006
164,1186.15,1307.313333,1094.495,943.945,1082.059167,1025.992,966.845,828.3366667,963.39,1140.7675,856.8166667,783.4525,1219.915833,1170.351667,931.3675,954.9616667,952.5225,985.5345455,883.87,920.1108333,983.45,984.785,850.2066667,907.5641667,1014.963569,978.7200316
172,1257.980833,1333.967,1366.686667,1184.711818,1354.005833,1037.558,1177.323333,1226.611667,1305.458333,1189.594167,964.87,1348.7125,1310.886667,1312.639091,1129.630833,1250.739091,1009.6525,1249.954167,1108.064,1024.8725,1170.274167,1055.415833,1034.2525,1070.281818,1228.956679,1143.888597
173,1364.796667,982.149,1486.7575,1037.794545,918.64,1018.334167,1066.280833,927.7718182,901.36,902.9881818,975.3825,995.1581818,1237.339167,1492.411667,1285.423636,1129.47,1023.263636,1083.195,1279.640833,975.6554545,857.1972727,820.0841667,1015.682727,849.8822222,1048.117783,1087.437149
174,1504.780833,1069.716667,1018.381667,994.6654545,1264.465,1009.148333,988.1141667,1206.844167,960.3258333,995.555,1008.1825,926.5758333,1214.267273,1043.294545,974.6808333,1168.145833,945.1133333,1039.6475,835.4658333,930.3191667,815.8908333,831.2716667,1029.939167,942.8018182,1078.896288,980.9031502
175,1202.438333,1125.025,938.7491667,1236.033636,1082.831667,1144.64625,1072.626667,1020.899091,1101.818333,994.84,1153.299167,1059.851818,1379.121667,993.5958333,1162.309091,1196.343636,1106.7025,1173.44125,995.5816667,1247.733333,1189.854167,1144.993636,1117.615,1011.228,1094.421594,1143.209982
177,1063.848333,1154.592727,1113.238333,954.7008333,973.5408333,954.4508333,772.0658333,909.1266667,959.0616667,1054.832727,865.617,889.8608333,1030.963,1091.465,1045.642,1152.52,874.302,982.52,1107.391667,1185.451,905.516,930.3809091,839.7625,982.1181818,972.0780517,1010.669355
178,1097.294444,941.381,1053.500833,1206.783636,1183.834545,1321.845833,1077.834167,1155.84,1243,1036.385833,913.8636364,1149.791818,1283.669091,1057.378182,1148.347778,1115.162727,1156.561818,1198.148,1404.355,1336.867273,1000.461667,1172.383333,833.7881818,930.92,1115.112979,1136.503588
181,1242.619167,1266.039091,1240.064545,1074.504545,1024.759167,1168.237273,1075.8425,1279.660909,1352.286364,1170.673333,1276.578333,1153.025833,1163.028333,1159.345,1102.741667,1132.208333,961.1054545,1025.8975,1343.589167,1159.483333,1122.771667,1091.936364,982.5063636,1204.675833,1193.690922,1120.774085
182,1083.3525,967.5458333,1031.104167,1069.395,966.1075,1009.784167,1155.689167,979.8758333,1000.671667,1189.463333,1035.99,914.9858333,1161.95,899.2725,1099.604167,1149.6375,979.9016667,1184.924167,1015.375833,1004.065833,960.4566667,1052.020833,934.8025,931.4283333,1033.66375,1031.12
183,931.385,837.127,860.3627273,849.4581818,869.371,856.1018182,877.8372727,962.5736364,754.1590909,891.657,1049.111,914.5288889,1019.921818,832.062,1042.568889,1028.06375,951.104,1064.205556,843.3881818,969.912,932.7066667,823.2766667,950.7854545,992.724,887.8060514,954.2265819
184,1199.016667,811.0809091,1084.428333,1032.270833,1260.065,977.7763636,899.2636364,1062.133333,1040.8,1005.95,1252.585,1149.734167,1491.104167,1081.429,1195.337273,1301.599167,1261.721667,1147.338182,914.0516667,1021.902727,1110.844167,1030.404167,878.7008333,1020.756667,1064.59202,1121.265807
185,1110.923636,1192.121667,1097.268333,1294.935,1120.806,1210.804167,1225.368333,1073.854167,1121.875833,1193.7525,1179.420833,986.745,1178.010833,1246.741818,1183.8675,1237.319167,961.7191667,1008.625,1170.825833,1193.144167,1012.360833,1109.39,1036.9875,1012.695455,1150.656289,1112.640606
186,1185.332,1172.693636,1022.030909,1028.473636,1036.97,1507.993333,1187.968182,1032.16,965.6683333,1230.684545,1007.499167,1220.816,1616.724167,1368.343333,1190.390909,1284.105833,994.2675,1010.873333,1050.479167,981.0741667,929.0725,980.8875,801.2163636,991.6572727,1133.190812,1099.924337
187,825.7225,682.5044444,712.005,898.6877778,918.2522222,797.808,865.8025,989.431,892.0141667,873.2455556,971.3036364,739.421,753.275,890.658,877.83,856.507,790.2633333,785.7218182,662.1627273,787.1633333,836.445,692.979,755.0641667,772.5463636,847.1831503,788.3846452
189,1227.038182,1017.848182,1150.428333,1088.147,1210.679167,1021.304167,1078.565,928.4027273,853.8116667,893.4490909,839.7945455,967.6609091,1084.9625,908.3775,738.1709091,1118.742727,992.8458333,1097.41,971.3033333,819.9790909,873.7545455,898.755,810.6266667,764.7654545,1023.094081,923.3077967
190,893.7316667,908.1909091,962.7316667,862.0854545,727.2788889,702.8622222,688.1358333,700.23375,753.2091667,420.8263636,635.6044444,685.227,819.9316667,844.4985714,802.5633333,821.6383333,616.8275,749.9666667,653.0083333,631.8927273,745.4872727,647.9777778,585.8,612.4155556,745.0097805,711.0006448
191,1158.310833,1263.748,1292.400909,1068.682727,1080.061111,1300.219167,1249.070833,1248.038333,1296.189091,1063.288,1264.615833,1589.173,1268.535833,1426.410909,1599.643,1400.79,1324.770833,1527.343636,1203.4675,1239.522,1348.028333,1135.225,1476.715,1341.441818,1239.483153,1357.657822
192,1280.744167,1112.9175,1102.741667,936.0508333,1012.905,1034.949091,924.8766667,841.815,869.825,954.0075,735.6208333,797.8208333,1217.890833,1022.37,1035.109091,1016.5075,986.0545455,964.2458333,924.1691667,924.8525,986.8041667,771.5716667,843.2716667,852.265,967.022841,962.0926641
193,1060.481818,972.8733333,978.0441667,1022.559091,1056.702727,1034.36,1084.739167,977.365,1112.856667,995.5545455,1067.108182,732.16,1232.476667,903.8555556,827.6341667,1020.718182,944.6075,1178.747273,1084.797273,975.7158333,818.1581818,1327.0525,690.713,980.3133333,1007.900391,998.7324555
196,993.1881818,1189.0625,1065.255,1322.682727,1154.685833,986.325,923.7791667,1155.370833,1096.068182,1199.2025,1215.836364,1117.649167,1520.330833,1196.98,1228.7025,1081.807,1021.653333,1053.875,938.2233333,1103.957,1158.086667,1187.263636,1038.124167,1011.885833,1118.258788,1128.407442
197,1377.029,1361.238333,1279.4025,1302.82,1142.000833,1251.869091,1127.425833,1086.243333,1287.875833,925.1908333,1052.253333,919.7408333,1255.702727,1079.3225,1159.915833,1238.248,1037.775,1348.195,1165.990833,1297.205833,975.04,974.78,1051.659,1031.8775,1176.090813,1134.642686
198,885.4516667,950.6875,978.0566667,894.6325,893.72,795.9091667,761.7808333,808.6241667,784.2325,1014.874167,849.1783333,761.2091667,1069.8625,843.2241667,750.3675,807.9108333,753.8975,766.8041667,763.4666667,800.255,717.6233333,790.4808333,705.9475,711.5116667,864.8630556,790.1126389
199,907.7383333,1043.126364,745.3409091,902.9227273,908.2166667,920.4575,735.585,727.1972727,838.9058333,816.8525,826.8333333,846.1708333,1134.66,911.754,986.7541667,858.3158333,835.005,883.2658333,778.3233333,728.9775,862.583,794.5591667,914.0491667,835.7533333,851.6122728,877.0000278
202,1287.047273,1395.79,1252.066364,1269.4825,1175.742727,1310.535,1075.551667,1087.818182,1188.499167,1062.484545,1291.714167,1019.33,1193.710909,1362.966667,1181.920909,1138.739167,1162.1625,975.1541667,1110.633333,1190.88,1030.808333,1124.174167,1042.028333,1009.623333,1201.338466,1126.900151
203,998.2116667,1046.590833,1135.496364,1079.88,1098.382727,1071.944545,1011.539091,903.1936364,950.4925,772.2254545,989.6641667,895.6025,1301.835455,1107.152727,1177.056667,1062.2,988.2883333,918.0866667,1003.2825,1055.067273,1104.448182,951.905,988.2583333,887.8725,996.101957,1045.45447
204,1390.26,1300.983333,1391.44,1035.769091,1237.554167,1237.849167,1250.67,1354.81,1361.978333,1185.164545,1222.258333,1164.055833,1599.255,1241.53,1212.914167,1309.224167,1271.595833,1216.198333,1196.325455,983.7916667,1227.405,1139.915833,1062.055833,1262.484167,1261.066067,1226.891288
205,1127.085833,1047.821818,1156.328333,1109.821667,973.63,985.7309091,1025.982727,976.4763636,977.1125,898.7133333,891.7158333,907.2625,1102.39,916.0941667,1084.680833,1104.564167,1095.255,885.4291667,940.8508333,955.2875,843.57,836.4425,1097.153333,1023.0575,1006.473485,990.3979166
206,1407.225833,1423.149091,1188.770833,1245.939,1160.704167,1371.139167,1022.185833,1075.09,1339.0225,1154.519167,954.9618182,1236.02,1298.902727,1193.380833,1120.575455,1212.405,1202.223333,1084.230909,1093.770833,1099.1025,1050.174545,1144.2125,1115.449167,1032.064167,1214.893951,1137.207664
207,1170.8175,1213.985833,996.005,1243.7475,1105.618333,985.9391667,1287.061667,966.3091667,1176.493333,943.3581818,1064.711667,974.4416667,1301.549167,1176.664167,1125.765,1074.938333,900.3808333,1219.047273,978.4241667,1043.16,872.6509091,928.22,887.2509091,942.1290909,1094.040751,1037.514987
208,922.4366667,782.7058333,806.21,788.5866667,826.3745455,658.879,698.9858333,866.2733333,798.585,746.0058333,781.63,681.8783333,939.3527273,967.5991667,836.5383333,725.79,743.0908333,734.5308333,732.6258333,747.4654545,768.4872727,624.1241667,761.3833333,622.5581818,779.8792538,766.962178
210,1472.498182,1315.463636,1170.395,1230.0475,1410.939091,1301.053333,1303.08,1381.670833,1074.435833,1151.392727,1283.29,1207.4425,1298.895455,1237.340833,1487.184545,1160.427273,1329.626667,1266.0675,1205.009167,1109.134167,1364.408333,1364.650909,1135.164167,1121.0625,1275.142386,1256.58096
211,856.0375,872.2136364,876.2475,954.0545455,922.4008333,1090.07,983.9872727,1000.975,892.6975,1063.674167,868.9066667,993.4263636,1005.720909,1064.093636,821.915,945.114,967.9425,1056.0525,1032.153333,937.3936364,935.4483333,874.055,917.9458333,1037.91,947.8909154,966.3120568
214,1190.078333,1262.901818,991.4563636,1097.445833,897.9291667,1090.026667,993.2083333,1158.014545,1026.244167,1134.5475,903.9183333,1032.044167,1198.031667,1322.579167,1100.910833,1125.383333,936.0441667,1127.775833,906.0175,1217.138182,1080.513636,1035.430833,983.6158333,1134.403333,1064.817936,1097.32036
215,1446.014167,1434.878,1262.4425,1230.024167,1093.68,1300.501,1481.2425,1231.271667,1345.285,1383.885,1214.696667,1262.236667,1291.451667,1382.018333,1199.9175,1302.498333,1343.716667,1191.259091,1294.064167,1224.57,1185.765,1074.216667,1161.194167,1067.761667,1307.179778,1226.536105
216,1427.634167,1239.8975,1395.0325,1492.031667,1164.8725,1255.816364,1023.901667,1087.936667,1001.906667,954.9508333,1001.645,1449.228333,1473.413333,1171.408333,1171.387273,1173.84,1271.116364,1043.405,1068.730833,1169.725833,1004.759167,963.85,882.6254545,1193.7,1207.904489,1132.330133
217,1053.089167,959.5725,940.0158333,993.7833333,926.6308333,1075.516667,857.6766667,871.0045455,1044.614167,893.2975,795.3108333,769.3490909,1022.704167,1025.315833,1011.8575,986.7125,915.2258333,1116.112727,846.49,863.5958333,863.9225,932.3566667,861.0033333,813.72,931.6550948,938.2514078
218,911.915,989.4936364,936.9725,888.4936364,757.5483333,814.32,840.2833333,798.2283333,834.4891667,902.7045455,815.0616667,874.4525,1024.1075,956.4891667,886.9566667,894.535,855.2908333,855.8675,787.6818182,984.6072727,875.6554545,860.2518182,895.6066667,812.7833333,863.6635543,890.8194192
219,1751.776667,1153.144545,1208.595,933.6709091,1262.638333,889.8025,991.4416667,945.385,853.8908333,939.5908333,882.6891667,861.4108333,1380.708182,1170.960833,1105.235833,1035.7825,981.7975,1181.6775,1024.6225,897.6625,1038.484167,1102.995,920.4109091,849.06,1056.169691,1057.449785
220,1463.920833,1203.474545,1138.1625,1178.895,1311.661667,1026.925,1108.271667,1091.366667,1114.885,1243.991667,1178.865833,1066.518333,1452.36,1575.0325,1227.8525,1473.083333,1363.7125,1264.195,1333.300833,1163.968333,1328.158333,1219.1325,1087.680833,1101.504167,1177.244893,1299.165069
221,1043.339091,836.4716667,794.384,1043.06,824.1908333,885.4058333,850.3666667,855.3591667,1019.846364,979.2933333,865.7141667,942.3458333,1206.075833,964.22,1153.310833,965.9781818,984.495,1018.79,1033.944545,928.6854545,1076.815833,1132.696364,843.6766667,809.2183333,911.6480796,1009.825587
222,1125.2,1370.01625,1334.074545,1265.494545,1038.574545,1074.426364,1033.834167,1121.6675,993.8133333,1093.488182,1098.576667,1229.358182,990.2891667,1183.385,1003.641818,959.968,962.8791667,1210.153,970.67,1063.286667,968.9633333,857.6625,960.6416667,1323.412727,1148.210357,1037.912754
223,2416.209167,1908.608333,1222.249167,1193.7,1355.220833,1281.78,1022.68,1129.231667,916.5691667,929.2708333,932.4325,950.5916667,2433.440833,2050.224167,1275.703333,1088.6525,1081.470833,1193.465833,1004.110833,1042.705833,1020.495833,993.94,885.7175,903.1991667,1271.545278,1247.760555
224,1519.265833,1046.0675,1132.4975,1087.373636,1183.370833,981.0725,1058.6875,939.8227273,1087.138333,1042.668333,1049.341818,1034.789167,1352.800833,1128.990909,1234.129167,1054.601667,981.5116667,907.66,1066.516667,1060.809167,1074.706667,1081.33,990.3325,1133.070833,1096.841307,1088.871673
225,1392.984167,1037.436667,1315.360833,1246.026364,1205.145,1095.896667,1051.265,965.4881818,976.2083333,1072.264167,1087.9475,1143.29,1186.931667,1254.748182,1264.8125,1130.270833,1073.465455,1079.942727,1162.505833,1116.1925,1014.606667,1003.335833,895.8691667,965.2663636,1132.44274,1095.662311
226,1043.704167,885.3116667,863.7608333,855.2363636,858.4941667,840.475,866.7491667,928.624,712.7341667,780.3345455,889.7958333,851.0318182,1195.048333,911.465,855.8972727,979.5558333,985.3136364,842.6409091,801.3518182,798.5391667,810.2725,797.68,781.0791667,718.3290909,864.687644,873.0977273
227,1324.176364,985.5266667,974.5741667,996.3418182,1088.9625,1035.471667,891.9541667,1126.46,764.7583333,883.8081818,871.3725,904.0541667,1156.619167,1079.508333,1016.810833,901.945,818.9483333,905.778,825.4991667,976.6881818,832.93,878.0845455,1017.900833,747.8890909,987.2883776,929.883457
228,1240.27,1139.883333,1133.858333,1185.615455,1001.5575,1299.228889,936.8772727,920.95,1009.931818,1258.75,1144.994167,1032.670833,1271.338333,1323.263636,1263.933333,1182.325833,1110.570909,1225.408182,1031.470833,1059.609167,949.1016667,954.0045455,851.8009091,1147.497273,1108.715633,1114.193718
229,1596.125455,1468.118182,1244.237273,1687.940833,1157.284167,1394.172,1478.894167,1173.915833,1148.143333,1068.376364,1232.110833,1250.313636,1218.418182,1507.969,1286.095,1221.4625,1319.0625,1224.956667,1115.038333,1160.209167,1059.421667,1096.774167,1100.185,1155.405,1324.96934,1205.416432
230,1025.4,1054.0075,926.0125,912.4233333,899.8133333,988.5681818,799.8925,953.6481818,942.875,842.8954545,872.9854545,941.3836364,1110.865,1001.16,889.6133333,890.3116667,1040.788,899.3672727,855.21,809.0581818,903.84,949.475,760.3833333,915.7718182,929.9920896,918.8203005
231,1136.955455,777.8336364,999.8891667,983.215,1177.523333,976.1554545,853.5258333,973.677,954.0133333,1103.6,967.22,875.73,1160.628333,1019.905833,990.1690909,1105.329,968.4591667,858.8866667,1072.4525,864.99,913.243,1035.398,904.3716667,778.6663636,981.6115177,972.7083017
263,1439.739167,1546.415,1263.601,1415.863333,1473.868,1190.532,1192.850909,1089.4,1290.925833,1311.873636,1020.944167,1306.321818,1403.5575,1374.719091,1396.5,1392.0625,1376.865,1292.294167,1069.401818,1280.228333,1503.535,1176.994545,1416.808182,1278.968,1295.194572,1330.161178
264,1233.840833,1135.591667,990.4316667,889.685,1134.548333,940.4,874.82,1054.907273,1089.8125,971.7658333,878.7791667,908.41,1191.663636,1229.055,1224.896667,1107.813333,877.8475,883.8175,1005.4325,1282.865833,874.1745455,919.075,947.4990909,862.5708333,1008.582689,1033.89262
265,1419.771111,1135.830909,1399.46,1113.155455,1034.639091,1009.350833,1138.493636,1209.541818,969.3858333,1139.036364,1122.8,995.2781818,1318.633333,1080.179,1130.060833,1263.911,1174.923,1035.205455,989.2454545,1124.414,1233.601667,1077.945,1135.256364,1043.986667,1140.561936,1133.946814
266,1424.221667,1277.608182,1079.9475,1089.3075,1292.128333,983.1916667,999.4927273,986.19,1010.235,1047.545,981.9291667,854.1441667,1260.185,1108.6325,1068.66,1075.243333,1163.634545,934.7866667,989.7366667,1001.248333,877.5416667,841.0241667,941.205,921.0483333,1085.495076,1015.245518
271,1625.675455,1186.4125,1181.944167,1075.9,1148.101818,1141.318182,1117.181667,1090.03,1038.024545,862.8341667,1002.126364,992.0716667,1058.356364,1010.820833,1224.791667,1217.795833,1164.64,1010.413333,1000.734545,1045.365833,1035.716667,968.4858333,1161.39,925.38,1121.801711,1068.657576
272,1160.193333,1055.803333,1045.390833,1022.0925,983.3441667,1056.228333,888.6,973.2716667,833.0366667,1008.021667,916.0016667,937.5991667,975.5983333,974.4116667,1040.428333,986.7858333,1070.554167,1108.0225,881.1116667,1060.781667,879.4833333,922.2683333,922.725,1047.706667,989.9652777,989.1564584
273,1326.242727,1175.1475,1287.49,1100.6275,1078.7875,1232.155833,1251.345833,1123.715,1167.92,1058.827273,1158.064167,1128.835833,1489.461818,1279.629167,1240.0375,1212.569091,1201.484545,1297.008333,1071.662727,1147.829167,1181.49,990.1791667,1002.69,1071.108333,1174.096597,1182.095821
274,1770.521667,1515.7675,1376.97,1727.434167,1690.503333,1534.063333,1513.312727,1085.741667,1464.505833,1330.7,1392.589167,1254.865833,1833.584167,1616.135833,1540.4125,1837.991667,1581.000833,1526.534167,1383.920909,1391.0975,1251.858333,1395.24,1294.496667,1409.173333,1471.414602,1505.120492
275,1181.960909,1155.86,1206.231818,976.392,940.2558333,973.6245455,1066.1225,874.3336364,1018.9525,1229.773636,1090.880833,1046.820909,1107.760833,910.2058333,1132.95,1057.165,1005.023333,971.4016667,944.1675,1110.657273,1026.018333,844.4308333,964.4009091,930.5691667,1063.434093,1000.39589
289,1312.161667,1222.381667,1222.32,1392.06,1093.467273,1263.336667,1034.635833,1313.465,1363.71,1100.355455,1103.994167,1008.341667,1561.32,1269.119167,1342.438333,1362.249091,1191.3825,1312.095455,1173.355,1252.763333,1046.55,1063.71,1002.4675,1138.852727,1202.519116,1226.358592
290,1106.512727,1276.7325,963.4175,1090.226667,1064.3975,1239.471,1183.366667,1127.275455,906.3741667,1037.216364,1062.3925,1039.539167,1164.370909,1336.190833,1479.104167,1258.751667,1177.9175,1139.780833,1063.675,1099.3625,1053.415833,905.2366667,1142.895833,1057.41,1091.410184,1156.509312
293,1204.8475,963.324,927.3016667,1046.031818,1017.773636,962.6236364,1127.95,939.1427273,966.9766667,1022.256364,1105.267273,764.1663636,1051.1775,1020.860833,1039.180833,952.0454545,891.8316667,824.5933333,791.0225,890.5481818,856.185,795.6963636,923.0325,738.0190909,1003.971804,897.8494381
294,1393.8625,1119.298333,1190.936667,1303,996.9975,1051.850833,1053.584167,1054.244545,992.8691667,1145.061667,1136.573333,1167.018333,1279.5325,1501.726667,1040.203333,1330.378182,1069.204167,1045.617273,975.2133333,1055.494167,994.5633333,986.6491667,950.7416667,1083.121667,1133.774754,1109.370455
295,988.8733333,861.5036364,824.07,874.5116667,837.62,897.6825,875.9091667,800.4636364,793.8491667,788.7590909,698.3533333,787.4591667,828.7863636,892.75,803.4591667,984.8941667,803.1241667,939.3290909,806.72,737.2858333,694.6041667,731.6916667,734.3783333,644.3025,835.7545581,800.1104546
300,1145.151667,1082.493333,1058.491667,1092.410833,1150.0675,1172.449167,1168.904167,1327.92,1279.686667,936.3858333,1109.288333,1100.765833,1415.614167,1321.971667,1121.800833,1409.9,1411.323333,1269.231667,1241.533333,1216.2225,1183.429167,1241.474167,1227.011667,1203.5375,1135.334583,1271.920833
301,1632.373333,1240.206667,1196.975833,1345.504545,1083.2825,1291.225,1331.789091,1045.6625,1009.153333,1017.876667,1241.59,1152.830909,1499.675,1363.986667,1007.829167,1161.180833,1173.3625,1107.3425,1241.3225,1131.584545,943.0016667,1103.028333,918.7016667,1040.9575,1215.705865,1140.99774
302,1193.3475,1218.444167,1028.6325,869.3833333,858.9716667,901.8908333,836.6575,992.6218182,1021.205,817.9791667,869.2725,829.0563636,935.6290909,967.5941667,885.5445455,972.8158333,926.1633333,834.5981818,753.4333333,849.7,795.5516667,735.5818182,730.715,803.769,953.1218624,849.2579975
303,1189.956667,1180.2,903.8283333,982.7241667,959.35,978.0381818,876.3008333,1178.537273,836.7108333,932.1408333,910.0425,841.85,1148.065833,918.1463636,1117.188333,1095.841667,1152.113333,928.25,952.9983333,1134.313,951.7608333,920.1675,809.0275,920.7933333,980.8066351,1004.055502
306,1236.032,1280.700909,1321.99,1052.776364,1124.889167,1482.815,1221.648333,1078.588333,936.6858333,1459.649091,1384.4,1203.455,1101.550909,1118.0775,1083.704167,1151.673333,1122.04,1439.253333,1224.429167,1025.376667,915.9575,1188.378182,1173.045833,1026.459,1231.969169,1130.828799
309,1390.698182,1336.4225,1243.941818,1221.471818,1211.909091,1147.818333,1052.731667,1114.96,1258.269167,968.3416667,912.7958333,1112.2175,1255.655833,1376.810909,1166.660833,1361.26,950.3783333,1105.273333,1054.244167,1034.509091,1093.478333,1184.5525,911.7858333,1169.359167,1164.298131,1138.664028
310,1211.456667,1239.768333,1245.189167,1115.798182,1039.304545,1180.234167,1096.313333,1216.0425,1243.496667,1296.571667,1049.475833,1213.734167,1286.430833,1316.880833,1071.321667,1205.15,1229.795,1391.91,1240.585,1277.056667,1033.891818,1318.906667,1102.453333,1185.139091,1178.948769,1221.626742
311,1569.922727,1154.089091,1041.128333,1062.715,1095.760833,858.79,1045.355833,919.9616667,891.0983333,951.08,971.8116667,908.6366667,1233.902,1130.875833,921.93,977.6063636,1092.798333,1236.28,831.2163636,1043.580833,905.2116667,1023.105833,886.3166667,1102.511818,1039.195846,1032.111309
313,1341.213333,1208.124167,1026.815833,1321.62,1322.982727,1363.335455,1251.089091,1394.5325,1197.760833,1255.79,1009.4175,1273.015,1372.601667,1272.771667,1151.480909,1154.175455,1191.2875,1406.250909,1285.4425,1314.164167,1479.351667,1007.645455,1127.281667,1133.664545,1247.14137,1241.343176
314,1009.036667,1054.555455,1062.828182,882.3833333,1106.848333,861.0316667,781.84,846.66,982.715,869.22,795.8433333,749.2690909,901.8133333,821.7341667,719.2116667,760.6425,862.4466667,810.79,840.6183333,741.835,879.6758333,758.9825,804.8666667,777.0258333,916.8525884,806.636875
316,1144.860833,1162,1267.4225,991.6525,1033.1025,1214.485833,1029.521667,1141.193636,1037.385833,1147.665833,885.585,920.5483333,1325.310833,1235.563636,1076.295833,1167.71,1016.533333,1102.705,1081.36,1041.095833,1095.0075,946.0591667,963.145,872.7816667,1081.285372,1076.963983
317,1573.833333,1212.110909,1372.015,1144.683636,1389.583333,1245.574167,1157.911818,1180.256364,959.4975,1051.451818,1129.441,1058.688333,1446.7325,1120.039091,1555.223333,1012.885833,1241.051667,1195.598333,1152.395,1125.63,1027.53,948.3772727,1011.525,951.8841667,1206.253934,1149.072683
319,1141.612,971.7266667,1124.258333,1007.389091,1017.07,997.2658333,1062.085,1073.2825,1026.0675,1024.003333,985.3958333,946.4325,1330.162727,1206.0375,1149.4225,884.4666667,949.768,1153.505,1046.723333,943.8545455,885.3266667,937.5183333,1011.803333,876.06,1031.382383,1031.220717
320,1122.305833,978.57,969.8708333,961.815,1124.855833,937.91,1013.520833,994.8041667,1096.82,1021.365,1039.076667,1155.260909,987.1741667,1012.09,979.6808333,827.7841667,1046.8425,962.6581818,1103.2,1015.639167,861.8275,1045.870909,863.7383333,876.3875,1034.681256,965.2411048
321,1528.55,1050.087,1456.010909,1286.536364,1039.828182,981.2033333,1114.611667,895.8309091,945.6758333,930.5791667,809.0625,927.2636364,1190.937273,1185.85,1272.166364,1228.35,1168.97,1023.370909,1317.487273,937.36,1092.346667,997.4466667,977.4158333,931.3690909,1080.436625,1110.25584
323,1514.829091,1054.131818,1166.285455,1205.28,1107.361667,1222.798333,1003.758333,1186.258333,1147.096667,1284.67,856.665,985.3641667,1305.525,1311.524545,1183.030833,1140.777273,1020.611818,1084.33,1211.479167,1071.4025,944.5441667,998.6845455,978.3383333,841.3808333,1144.541572,1090.969085
326,1003.1025,946.24,937.9658333,844.9118182,852.0175,1155.652727,1041.344167,1088.256,917.5758333,941.712,974.9454545,983.1525,1001.841667,841.1309091,917.6345455,895.3941667,874.3491667,1014.843636,882.7518182,880.3418182,911.3758333,995.6283333,756.6790909,874.3627273,973.9063611,903.8611427
327,999.4333333,900.29,946.3008333,1046.718333,876.4991667,775.3041667,961.3258333,949.9766667,951.4858333,830.0116667,953.4683333,987.615,1113.020833,982.6041667,1017.528182,1058.378333,975.6358333,915.3433333,838.5783333,891.705,831.0691667,980.6525,854.2716667,934.2916667,931.5357639,949.4232512
328,1227.445833,1340.98,1217.285,1373.395455,1299.794167,1386.578,1274.626667,1181.515,1707.514167,1371.909167,1274.819167,1285.7475,1278.1925,1531.775833,1271.950833,1309.638,1130.75,1110.842222,1055.199091,1186.544545,1208.545455,1337.274545,1054.900833,991.8718182,1328.46751,1205.623806
329,1104.029167,917.835,1098.484167,1117.1075,1018.088333,1124.466667,910.34,1229.114167,984.3625,1005.719167,895.4616667,1033.01,1156.844167,1112.832727,998.8066667,903.685,1045.77,1008.51,1049.429167,1249.526667,1009.42,830.7216667,921.4816667,803.1766667,1036.501528,1007.517033
330,1005.0775,986.7258333,1189.359167,964.1416667,1005.255833,925.815,816.4833333,886.4725,925.2216667,921.0341667,831.1416667,1057.609167,1187.172727,954.225,1190.351667,937.3583333,946.555,805.4325,909.175,904.8733333,982.2533333,971.7675,930.1441667,811.12,959.528125,960.8690467
331,1004.219167,1130.815833,1169.765,901.5927273,1086.4075,1073.8175,1306.7225,1310.003636,1153.103333,1103.943333,899.8325,1067.015833,1163.39,1199.504167,1328.019167,1077.634,1273.598333,1064.2725,1011.978333,996.8541667,1070.069167,1046.65,1071,1187.053333,1100.603239,1124.168597
332,942.4,852.7491667,884.1725,993.0981818,987.8808333,992.9725,913.5866667,1035.046364,860.14,978.8745455,761.8925,944.3725,1003.799167,975.9916667,889.6633333,1048.277,1010.765,1003.736667,838.3158333,885.305,774.4866667,892.2563636,800.4983333,788.5608333,928.9321465,909.3046554
333,1074.424444,1058.32,973.6383333,1045.240909,1150.983636,1191.223636,820.4983333,1033.235833,830.729,1032.43,1097.2375,1257.660833,1340.974167,1119.429167,927.9925,1005.771,797.961,1020.704167,814.3216667,839.7275,832.14,851.7436364,921.63,902.95,1047.135205,947.9454003
334,1689.782727,1601.224444,1473.6375,1309.253,1340.954,1417.6375,1114.101818,1112.538182,1395.9475,1202.037273,1211.750833,1290.039,1468.7025,1565.588571,1297.42,1505.593,1225.281111,1421.354545,1629.635,1306.097273,1447.126667,1010.634444,1362.025,1285.75,1346.575315,1377.100676
335,1325.705,1120.398333,1201.997273,1286.385833,1213.136364,1413.862,925.7127273,1153.274167,1316.071667,1108.787273,1266.540833,970.9725,1269.140909,1234.443333,1358.5375,1149.64,1403.404167,1374.042,1136.8425,1242.371,1203.015,983.9016667,1224.6325,1089.230909,1191.903664,1222.433457
336,991.3972727,1189.351667,1157.827273,1254.021,1451.915,1182.602727,1097.929167,1226.019091,1232.52,1050.376667,825,955.2266667,1077.464167,1286.970909,1263.44,1184.708889,1280.073636,1095.382727,1272.8425,966.7933333,1037.811667,1119.038182,939.67,945.1566667,1134.515544,1122.446056
337,1292.021667,1306.694167,1042.894545,1331.290909,1320.303333,1290.538333,1124.375833,1286.796667,1035.608182,1043.75,1168.16,1085.906364,876.0175,1082.130909,1326.646667,1145.585833,1121.415,998.7358333,887.9791667,1129.36,1017.024167,956.5541667,961.6841667,858.5716667,1194.028333,1030.14209
339,1426.34,1073.486667,1214.313333,1126.788182,1377.030833,1047.5175,1164.902727,827.7783333,1093.908333,1028.582727,1070.195,910.9054545,1278.515,1146.958333,1130.344167,1261.460909,1166.452727,1099.489091,890.6227273,937.3858333,1077.020833,1147.385833,978.6736364,793.8118182,1113.479091,1075.676742
341,1057.366364,1426.202727,1124.0675,1209.031667,1120.901667,984.4145455,1044.066667,1053.980833,1129.564167,1162.473333,916.2916667,1171.765833,959.04,1040.689,1055.310833,1002.5225,938.2158333,1040.387273,889.4558333,1066.707273,993.2058333,980.9208333,858.6225,939.6166667,1116.677248,980.3911982
344,1093.82,931.435,812.0916667,923.9463636,911.04,931.7727273,886.0216667,804.9909091,878.4041667,908.2875,886.3325,929.6183333,1170.270833,893.7436364,880.0233333,839.2518182,933.5633333,748.5816667,825.0216667,825.4941667,807.435,824.1590909,835.6733333,888.2345455,908.1467361,872.6210353
347,1142.436364,1107.725833,1173.26,1450.348333,995.75,1005.525833,1108.8,1096.620833,1038.028333,1165.178,1131.958333,1022.14,1438.68,1144.289167,1047.7625,1140.105,1203.606,1227.594167,1065.440833,1233.969167,906.09,869.3275,1158.255,940.07,1119.814322,1114.599111
348,1467.74,1179.907,1191.8675,1230.028333,1027.1375,1158.321667,1380.313333,1343.083,1327.658333,1303.681667,1215.749167,1106.996667,1827.908333,1429.896,1236.983333,1350.719,1144,1083.472727,1314.491667,1088.5625,1326.741818,1025.919167,1149.448333,1060.5025,1244.373681,1253.220448
349,1139.331667,978.8445455,975.9858333,1147.138333,1005.397273,967.54,891.4425,983.2475,910.7666667,999.3666667,827.655,971.8225,1048.009167,992.3508333,1055.935,1046.995,886.8858333,879.6608333,812.075,853.9016667,1064.789167,906.4391667,795.6483333,937.47,983.2115404,940.0133334
350,906.2490909,907.7633333,851.0291667,781.9,1241.299091,1041.47,969.9711111,905.7409091,777.0954545,991.2316667,803.21,958.6736364,905.2808333,917.42,970.6966667,876.5618182,943.8558333,1004.142222,829.2844444,943.9583333,770.9945455,985.6227273,690.5291667,857.6841667,927.969455,891.3358965
351,1184.8925,1090.942727,1071.184167,1259.638333,1057.9225,1268.711818,916.105,971.6308333,923.6591667,911.5616667,791.42,928.3036364,1071.7175,972.2790909,943.0566667,972.225,1041.258333,970.3945455,993.6925,1015.315833,835.1783333,859.209,809.663,888.3108333,1031.331029,947.6917196
352,1285.795,1382.846364,1241.505833,1144.411818,1262.213333,1166.4325,905.3283333,985.7172727,1061.515,1021.064167,1044.7275,1125.8125,1115.881818,1052.539167,940.9341667,899.2241667,852.3590909,957.8983333,837.4608333,967.7991667,868.3416667,850.9675,757.8325,734.7363636,1135.614135,902.9978977
353,931.9516667,877.61,811.8525,844.2908333,878.7141667,901.221,973.4133333,885.3672727,920.5927273,1033.328333,787.0716667,796.2058333,871.7366667,945.745,908.9991667,1043.71,819.4358333,787.1691667,718.395,891.485,764.9741667,883.2745455,909.0066667,779.7658333,886.8016111,860.3080871
354,1278.9625,971.8525,1558.961667,1231.73,1226.551667,1132.83625,1328.289167,1537.693,1149.544167,1357.779,1649.32,1398.566,1066.7575,1055.796364,1245.74,1064.777273,1047.4625,1070.215455,1230.898182,1492.706,1038.318333,1110.924545,1109.998333,1097.699091,1318.50716,1135.941131
355,1386.326667,1332.069091,1143.809167,1193.511667,1139.803,1172.643333,1010.149,1168.115,962.064,1104.473636,1054.092727,1112.186667,1145.845,1413.084,1074.749167,1229.533636,1131.2925,1171.669091,1062.11,1331.4,1239.06,1084.623,1032.243333,1106.28,1148.27033,1168.490811
356,1439.084167,1509.9675,1233.973333,1598.329,1781.556667,1481.877273,1298.705,1381.362727,1225.2075,1534.7175,1595.674167,1544.057273,1558.530909,1486.250833,1499.431667,1200.084545,1152.968182,1520.968182,1310.579167,1538.533333,1398.981667,1387.234545,1291.865833,1405.919167,1468.709342,1395.945669
357,1108.37,1157.620909,1210.6225,1402.966667,1019.7725,1433.463636,900.8525,1069.801,1027.440833,1043.12,979.6645455,1134.119091,1171.108333,1018.291818,1100.842727,1258.825,964.2690909,1034.457273,933.1508333,977.97,940.0283333,960.4825,876.56,996.9841667,1123.984515,1019.414173
358,1275.266667,1326.062727,997.8583333,1365.495,1060.348333,1112.46,1125.795833,1060.928333,1142.745,972.54,1013.793333,994.6175,1269.336667,1135.036364,1122.250833,1028.905455,1016.185455,1091.069,938.2290909,1001.138333,858.975,861.1616667,1008.9475,856.1616667,1120.659255,1015.616419
359,1014.335,1111.843,989.145,1038.3625,935.4466667,948.8158333,1115.149091,1026.0275,1131.119167,1006.7025,1032.960833,756.5266667,825.9491667,983.6275,1044.793333,909.2,924.385,942.7058333,883.9183333,938.1425,1046.4625,865.3766667,770.5041667,930.6916667,1008.86948,922.1463889
360,1002.149167,1002.15,954.5241667,956.7872727,989.3183333,916.52,830.2966667,1207.5275,916.0183333,950.4641667,1273.659,865.8,969.1008333,1002.7275,1045.46,752.5677778,957.6366667,922.41,997.9458333,915.4636364,921.8941667,788.0033333,893.865,872.5191667,988.7678839,919.9661595
361,1295.537273,1330.799167,1069.019167,1137.164167,860.0458333,1255.496364,976.1827273,1131.24,1008.8425,1229.0775,1083.659167,1087.226364,1291.8375,1137.480833,1166.163333,1131.51,1131.643333,1093.508333,945.3408333,999.0533333,902.7925,1208.923636,926.799,1138.970833,1122.024186,1089.501956
362,1362.495833,1084.94,1280.01,934.5158333,1113.648333,945.15,1320.54,1187.7025,1062.203333,1115.984167,987.4741667,1090.9225,1240.049091,1118.252,1172.545,1265.425833,1153.671667,1012.224545,1255.354167,1155.53,1062.73,1137.293333,1044.169167,1136.2875,1123.798889,1146.127692
363,959.7458333,1036.27,1097.233636,959.64,828.573,858.3866667,770.269,872.3658333,915.46,1046.809091,1002.339091,969.7681818,1140.305455,1059.005,1060.561667,805.0736364,967.7258333,799.5954545,766.1790909,848.1,869.374,839.6045455,960.1963636,752.12,943.0716944,905.6534205
364,1200.744167,1266.143333,1191.9625,1200.161667,1076.697273,1088.793636,991.6354545,1069.733333,999.8358333,1029.954545,975.92,1057.145833,1159.382727,1346.260833,1273.338182,1364.397273,1124.465833,1034.385455,1093.956667,1100.96,895.0558333,1026.994545,928.6841667,975.8733333,1095.727298,1110.312904
376,962.3283333,1020.057,958.435,917.9491667,845.82,873.7366667,958.3658333,979.27,1056.8675,967.2316667,951.8516667,931.3445455,1077.908333,998.05,958.6883333,803.2383333,880.96,812.7133333,858.3816667,872.36,866.3558333,871.9808333,849.2391667,947.6075,951.9381149,899.7902777
377,1514.079167,1115.582727,1397.035455,1068.055833,1372.2025,1083.328333,1231.7775,1076.688,1104.714,1078.509,856.89,870.7936364,1243.524545,1180.004167,1231.941667,1360.8075,1446.335833,1218.416667,1100.919091,1178.113333,1026.551667,1038.736667,940.575,1028.693636,1147.471346,1166.218314
379,993.1458333,1050.3475,1042.041818,1131.639167,986.78,1030.666667,992.1008333,1056.283333,872.6375,1041.428333,876.27,903.3233333,1058.673333,1031.452727,897.4141667,1116.560833,1035.269167,990.3683333,883.965,913.41,756.8516667,850.4033333,899.8816667,789.2927273,998.0553598,935.2952462
380,1327.813,1124.585,1425.832727,1779.100909,1593.621818,1438.525833,1320.929167,1415.580909,1325.22,1279.33,1226.480833,1224.820909,1317.084545,1202.271667,1422.76,1404.4075,964.6366667,1189.901111,1165.105833,1283.003636,1198.86,1372.645455,1112.930833,1169.935455,1373.486759,1233.628558
381,1932.435556,1484.572,1296.770909,1364.2325,1603.693636,1333.934545,1089.695,1227.145,1425.540909,1416.885,1358.4225,1271.1125,1657.565455,1618.428,1339.8375,1493.2125,1188.278182,1358.035833,1326.640833,1247.625,1115.606667,1268.652727,1297.268333,1208.108333,1400.370005,1343.271614
382,1095.859,1047.665833,978.2936364,1077.491667,1038.478333,1344.666364,968.3918182,1162.629167,990.6683333,1059.186667,1124.358333,1187.915833,1176.01,1231.102,1048.010833,1259.620909,1094.028333,1435.258333,1185.690833,1027.858182,1019.958333,1115.851667,1048.975,970.7483333,1089.633749,1134.426063
383,1325.095,1431.788,1351.497273,1061.017273,1266.981,1105.31,1009.994545,1215.148333,973.6316667,1362.730909,1071.115,1136.576667,1337.680833,1335.175,1277.135833,1335.095455,1289.698182,1515.975455,1185.278333,1333.942727,1150.04,1337.654545,1302.311667,1072.349091,1192.573806,1289.361427
384,780.3163636,1094.942727,979.5575,935.3554545,901.7818182,985.8691667,1033.636667,1134.095455,895.9733333,851.0425,1056.5975,939.5375,1072.5775,1072.533636,880.7291667,989.0275,889.6490909,1071.265833,967.3075,906.9575,875.7336364,854.7675,830.2475,837.4575,965.7254988,937.3544886
385,1401.503333,1354.77,1047.456364,1020.208333,886.1283333,1038.696667,1015.511667,891.7925,968.9133333,925.4275,928.16,1065.073333,1220.809167,1159.01,1237.87,1126.473333,962.2466667,892.5533333,905.9133333,889.955,862.1708333,913.3475,905.3141667,836.7933333,1045.303447,992.7047222
386,1285.127273,1268.126364,1173.880909,1143.234,1289.570833,1252.096364,1141.554167,1120.486667,988.8918182,1096.778333,1033.937273,1067.24,1431.482,1232.755,1194.499167,938.196,1347.251667,1215.680833,1216.511667,1048.829091,1061.156667,956.038,996.645,981.9036364,1155.077,1135.079061
387,1318.747273,1063.850833,966.41,1001.534545,870.0875,986.945,897.3875,1137.032727,854.5690909,860.5783333,975.6725,863.395,1154.010833,1147.613333,906.9441667,1057.218333,935.0108333,1059.911818,864.82,986.9654545,1002.446364,862.5672727,998.7291667,993.1266667,983.0175252,997.4470201
388,1500.836,1179.22,1250.509167,1180.0075,1185.21,1230.465833,1230.905,1491.496,1023.32,1169.281,1178.39,1261.260909,1548.163333,1375.311,1608.855556,1545.416364,1294.069167,1048.117,1342.318182,1273.3175,1397.229167,1228.180833,1243.331,1393.065833,1240.075117,1358.114578
389,1211.6775,1195.2025,1088.1525,1363.903333,1096.241667,1018.785833,924.8733333,770.79,989.8725,837.9166667,887.8036364,841.4708333,1210.334167,1207.000833,1077.220833,1115.28,944.6391667,750.4066667,801.6525,872.5108333,902.5033333,745.3608333,754.2416667,716.6136364,1018.890859,924.8137058
390,1053.999167,1186.325,1113.285,1202.747,1064.391111,963.6644444,1048,960.504,994.3175,971.57,967.5190909,801.024,1327.479,1208.222222,1159.756,1001.0475,1220.91,1057.985455,1059.652727,925.2018182,1172.450833,978.776,1070.294545,999.1490909,1027.278859,1098.410433
391,839.615,872.188,904.5481818,960.4481818,669.6641667,910.42,839.255,796.6866667,899.5308333,854.3025,821.2583333,755.0425,1198.401818,884.2163636,1073.300833,774.0427273,932.26,647.603,928.8945455,862.2758333,990.1925,782.6466667,832.085,733.9972727,843.579947,886.6597133
392,1323.309167,1027.634167,988.8663636,1006.100833,1115.211818,955.463,662.14,838.2358333,885.6972727,866.8033333,852.1066667,993.236,1311.038333,1239.082727,936.225,1000.741,1017.216364,874.205,1013.628182,978.1390909,933.405,876.32,791.8275,813.675,959.5670379,982.1252664
393,1187.340833,888.6666667,910.0008333,902.9391667,886.7225,893.2916667,1015.875833,925.3281818,924.6833333,970.9108333,737.8958333,883.8458333,1211.595,1169.228182,792.6175,918.3872727,915.952,988.33,1000.028333,767.9109091,801.6941667,992.359,832.6716667,765.5245455,927.2917929,929.691548
394,941.36,1069.95,1113.816667,956.837,1220.454167,835.5036364,949.1418182,839.9544444,1017.466364,934.193,820.7983333,881.8845455,1003.915455,1057.992727,940.2118182,940.604,902.713,914.26,806.6675,1006.541667,803.8675,713.215,813.9690909,900.0027273,965.1133313,900.3300405
395,1185.810909,1172.775556,1120.358333,1169.269091,1142.855455,1328.243333,1093.195,928.2941667,1200.214167,1374.366667,1315.199167,1180.656667,1318.925,1381.99,1065.213636,1092.315,1011.791667,1372.333,1072.671667,1216.707273,1113.876364,1006.232727,1039.359167,1077.070833,1184.269876,1147.373861
396,845.988,832.495,925.3233333,824.4218182,851.5927273,821.608,828.5533333,919.3725,864.6341667,864.54,829.4463636,804.6736364,906.0527273,836.4841667,919.7788889,815.7642857,793.0644444,765.73,831.039,730.187,835.7141667,726.695,775.9954545,689.9572727,851.0540732,802.2052006
397,1254.53375,1577.455714,1349.028,1373.768182,1477.627273,1187.271,1170.815,1320.4225,1328.007,933.5855556,1277.493,1374.373,1178.5525,1350.40875,1621.268889,1412.773333,1532.739167,1395.326667,1140.265455,1091.214,1164.120909,973.3427273,1043.340909,1053.452857,1302.031665,1246.400514
400,1045.978182,958.433,1007.775833,896.8441667,896.5775,877.1441667,844.2691667,859.1941667,944.018,886.6716667,846.92,914.1908333,1053.314545,888.5966667,892.8275,1001.505,735.4825,822.9263636,866.7666667,824.9808333,811.41,890.525,791.4516667,838.3545455,914.8347235,868.1784406
401,1114.406667,1249.399167,1186.220833,1007.9375,1082.3725,1057.820833,1126.356667,999.2116667,1033.758333,915.77,951.4108333,806.7433333,1225.885,1074.064167,981.075,1023.655,994.3990909,898.485,903.9616667,865.1308333,889.6458333,1042.618333,949.2425,942.6575,1044.284028,982.568327
402,983.4516667,1159.7025,1056.065,1097.205,1123.616667,1119.728889,993.34,906.7416667,919.5491667,1086.035833,945.7066667,1002.253636,1138.3725,1150.985,999.4116667,1061.127273,950.8033333,1103.609091,1050.369167,968.05,1030.966667,1062.545455,1014.1975,1216.161667,1032.783058,1062.21661
404,906.0245455,946.2,969.8016667,892.4433333,913.8683333,901.4333333,853.1025,830.1308333,1027.325833,891.8909091,977.93,950.6016667,1201.286667,918.6772727,905.2008333,1017.314167,841.1733333,926.5183333,1056.35,931.0736364,909.1233333,996.0583333,964.3366667,882.0558333,921.7294129,962.4307008
405,1230.225833,1152.315,1179.3875,1219.506667,1200.146667,1160.600833,1079.258333,1052.5225,1150.048333,1176.483333,1016.313333,960.5783333,1168.340909,1236.745833,1062.789167,990.163,1037.4325,1043.575,1031.471818,1077.074545,1003.864167,1051.100833,891.2591667,1064.300833,1131.448889,1054.843148
406,1419.22,1426.09,1212.77,1483.827273,1352.360833,1219.4725,1199.1925,1076.257,1176.439091,1042.94,1241.1425,1110.184167,1379.802727,1150.189091,1127.498333,1218.820909,1224.7125,932.3845455,1092.599167,1088.481667,1142.854545,1064.565,1145.0525,1030.779167,1246.657989,1133.145013
414,1198.248333,1329.273636,1318.84,1176.647273,1097.689167,1148.588,1268.706667,1043.5,1129.449167,1023.185833,1485.58,1131.194167,1299.161667,1314.456667,1091.82,1089.389167,1132.525833,1300.601667,1022.499091,1186.401667,1103.6425,1027.754167,1127.374167,1317.228333,1195.90852,1167.737911
415,2457.664167,2298.151818,2364.879091,2320.070833,2191.359,2190.363333,2318.4925,1189.348333,1013.9825,1381.190833,1012.548182,986.9658333,2074.777273,2286.324167,2265.651818,2294.6675,2322.062727,2358.076667,2335.3975,1281.921667,1170.35,1187.213636,1071.894167,1213.441667,1810.418035,1821.814899
416,1072.5125,1017.189091,884.9016667,939.6681818,929.29,791.4254545,939.5091667,814.87,950.6116667,929.945,904.1825,858.0641667,935.3833333,1066.3275,887.7116667,943.185,888.5241667,762.9618182,917.8508333,764.3072727,857.0808333,714.2681818,849.3441667,860.8075,919.3474495,870.6460227
422,1205.6075,1316.200833,998.2641667,1339.718333,1205.591667,1189.566667,1147.811667,988.1054545,1087.278333,987.795,1298.634167,974.6666667,1492.580909,1210.731818,1621.798333,1174.021818,1439.766364,1298.827273,1319.091667,1213.835833,1258.120833,1162.958182,1185.011667,1121.938,1144.936705,1291.556891
424,1241.081667,1023.61,1024.469167,1161.745833,1193.066667,1245.970833,1463.046667,1457.906667,1072.991667,1060.900833,1051.358182,1122.13,1245.98,1333.0375,1212.7075,1288.508333,940.7825,1094.549167,1190.483333,1254.594167,955.5341667,937.4425,1060.994167,1039.1925,1176.523182,1129.483819
425,1595.064167,1438.4575,1112.258333,1205.314167,1293.713333,1270.4,1169.664167,1138.594167,1282.469167,1400.043333,1176.0925,1210.575833,1427.019167,1451.743333,1396.439167,1575.0975,1368.264545,1153.659167,1211.835833,1043.2075,1214.915,1061.235,1297.791667,1222.43,1274.387222,1285.303157
426,1122.513,1378.19,1380.967,1350.299091,1132.114167,1207.019091,1509.275,1197.518182,1356.457273,1145.751818,1279.224167,1042.928182,1452.541667,1121.494545,1271.293333,1521.541667,1270.715,1310.417273,1172.675833,1145.061818,1131.926667,1173.175833,1321.262727,1188.914167,1258.521414,1256.751711
428,1611.3825,1134.44,1166.364167,1384.665833,1244.479167,961.5941667,1254.2375,1269.270909,958.2983333,1049.574167,1126.57,1102.343333,1184.705,1078.3275,997.0566667,1108.745833,1029.291667,1072.500833,923.1558333,924.8554545,913.9958333,943.3675,768.205,939.9433333,1188.601673,990.3458712
429,1208.55,1003.878182,1081.988333,999.4425,1118.759167,1043.7325,1086.445,1089.562727,784.9741667,974.3018182,936.5366667,999.1658333,1260.1125,1065.676364,1134.769167,1115.273333,967.5966667,860.0781818,1046.716667,996.7475,793.22,905.3391667,883.79,968.3025,1027.278074,999.8018372
431,1487.560909,1186.767273,1386.239,1329.275833,1062.3,1184.490909,960.1458333,1226.622727,1053.846667,1072.448,1202.488182,1072.748,1318.411667,1177.158889,1098.239167,1035.077273,1093.329,1102.773333,937.6741667,943.2775,1134.901818,1139.733636,951.619,1131.539091,1185.411111,1088.644545
432,943.3216667,1019.678333,912.2291667,792.5841667,761.63,799.2066667,809.0916667,869.6745455,883.28,873.065,728.33,753.4763636,1017.653333,927.5116667,847.1625,1001.161667,853.395,731.7427273,738.3966667,806.5866667,761.1233333,618.5136364,714.265,679.3518182,845.4639646,808.0720013
433,1305.67,1084.148182,1146.649167,1114.945455,1056.356667,988.2683333,910.8116667,955.7154545,939.5327273,920.254,987.0825,883.4791667,848.39,898.086,1001.951,1109.307273,970.8225,974.2533333,917.065,808.695,951.3427273,841.8066667,828.6058333,895.3554545,1024.409443,920.473399
434,1053.073333,1134.547273,1047.478182,880.2266667,926.3463636,997.0845455,824.8009091,902.2127273,949.6909091,1017.493333,894.8266667,830.1245455,1045.585455,1140.001818,1038.564167,1094.231818,897.3633333,868.6736364,928.9958333,1073.206667,814.7391667,1153.333333,901.3541667,827.7291667,954.8254545,981.9815468
435,1332.029167,1530.044167,1112.736667,1242.898182,1116.860909,1483.314545,1435.460833,1026.070909,1063.304545,1340.769,1088.915,1319.534545,1344.589167,1374.135455,1109.080833,1414.255,1266.086667,1176.425455,1371.050833,1187.57,1098.409167,1599.610833,1383.864545,1304.438182,1257.661539,1302.459678
436,1196.763636,1192.975,1224.780833,871.6075,1118.984,1126.135,1123.690833,1020.1875,1059.33,936.0525,1034.179091,963.7541667,1215.463333,1219.915,1023.925833,1167.75,1312.084167,985.9733333,939.455,1207.966667,1119.7575,1174.19,1210.103333,1078.775833,1072.370005,1137.946667
437,1204.301667,1124.435,1191.756667,1125.841667,1136.61,1298.958333,1018.589167,1063.985833,829.3125,1073.296667,936.8316667,897.7475,1309.318333,1191.8075,1168.978333,997.33,1054.983333,1014.0275,1094.496667,1084.396667,1007.860833,1154.396667,940.1816667,952.1190909,1075.138889,1080.824716
440,1509.325,1231.281667,1434.751667,1424.244167,1412.620833,1299.728333,1201.885455,1199.44,1128.451818,1426.176667,1218.1,1566.584167,1313.685833,1474.401818,1270.793636,1455.994167,1192.135833,1199.274545,1125.085,1238.549167,1692.195833,1226.704167,1250.423333,1340.9975,1337.715815,1315.020069
441,1132.549091,945.4183333,760.4241667,1066.824167,1214.1575,1328.708182,883.8741667,1165.619091,853.485,877.6141667,957.3283333,914.725,999.2975,1095.194167,1199.205833,1043.880833,1452.602727,1340.751667,981.01,975.74,981.7983333,993.2525,1042.13,942.6490909,1008.393933,1087.292721
442,1216.191818,901.7554545,856.9391667,860.64,1125.924545,1033.514,852.9566667,1256.495833,780.6045455,864.5072727,1118.644167,943.1891667,1279.068182,1067.84,975.4545455,1070.274167,939.2163636,998.8458333,998.1754545,1249.89,935.3816667,981.65,1034.616364,813.9058333,984.2802197,1028.693201
448,1076.574545,1139.455,982.7654545,1450.104167,1327.913333,1234.039167,933.5366667,1164.913333,1190.920833,1080.280833,1484.050833,1149.715833,1599.647,1212.055833,1759.903636,1564.59375,1324.054167,1370.4725,1306.745833,1368.754,1367.950833,1415.875,1484.9325,1149.106667,1184.5225,1410.340977
449,2084.541667,2372.813333,2163.319091,2361.844167,2315.555,2396.038182,1409.4525,986.9,1084.15,974.8641667,1190.085455,1429.551667,2246.8975,2329.793333,2208.988333,2172.723333,2325.9575,2278.690909,1140.480833,924.2483333,1113.658333,939.8008333,1006.728182,1000.88,1730.759602,1640.737285
451,1184.248333,1072.188333,1070.978333,1379.375,1098.711667,1073.138333,954.04,912.4175,956.8066667,932.6558333,962.6483333,912.9616667,1221.659091,1239.406667,1359.848333,1422.473333,1446.4525,1122.895833,1185.863333,1201.789091,1112.746667,973.0266667,1343.391667,1131.225,1042.514167,1230.064848
452,992.2736364,1068.800909,1000.199167,1008.234167,949.1725,1070.979167,879.9358333,870.0925,1023.030833,940.7875,1162.926667,827.9258333,1129.272727,940.05,892.2066667,878.59,1201.819,942.442,799.8233333,837.7566667,888.34,856.195,901.425,830.21,982.8632261,924.8441995
453,2069.773333,2345.003333,1737.344167,1387.2275,1024.630909,1209.4425,1097.244167,1277.792727,916.6281818,905.805,1162.0825,1162.327273,2231.550909,2322.893333,1734.419167,1108.045,1125.6175,1209.400833,1021.715833,979.3008333,1043.930833,933.78,927.7725,1028.111667,1357.941799,1305.544867
454,1328.556364,1209.406667,1257.825,1385.396667,1443.915,1303.703333,1298.7125,1384.041,1265.37,1258.986667,1217.53,1436.681818,1538.138889,1345.6775,1249.520833,1118.042,1193.3175,1101.0525,1196.214167,1329.8775,1100.226667,1119.968182,1128.114167,1007.039167,1315.843751,1202.265756
455,1312.072,1147.505833,1032.858182,1077.654167,898.9454545,990.979,919.5663636,891.925,944.7109091,770.5108333,1105.760909,891.5425,1574.065,939.846,1012.015833,1011.85,892.9466667,1173.82,896.6518182,951.1666667,912.4425,910.58,836.0709091,847.1872727,998.6692626,996.5535555
456,1224.136667,1193.95,1070.885,1127.770833,1221.598333,982.4333333,910.8141667,882.7241667,932.9816667,1101.610833,925.4516667,1048.999167,1284.584167,1014.710833,875.7058333,959.3691667,834.1308333,827.7158333,911.8733333,859.7841667,818.1991667,964.8,896.8208333,889.265,1051.946319,928.0799306
459,982.46,1235.71,1197.51875,993.889,938.64,1226.246667,1133.376,1060.301667,812.5708333,1584.937143,883.1645455,797.5909091,841.7416667,1116.146364,1231.102727,902.6375,1124.305,1121.485,897.71,819.8181818,723.1566667,1080.303333,779.4163636,934.078,1070.533793,964.3250669
460,1049.056667,1050.7725,1060.944545,1491.365556,843.95,1310.652,844.1025,1301.242,980.0716667,1098.563333,880.6575,1028.323333,1300.040833,895.1190909,894.3833333,1268.418182,1042.533333,1267.708333,1042.597273,1102.525455,962.0841667,1063.408333,924.6475,893.8391667,1078.308467,1054.775417
462,1450.5075,1202.349167,1090.306667,1442.867273,908.1090909,1096.23,990.9425,1199.606667,1006.282727,1070.966364,1081.847273,1116.647778,1193.753333,1196.473333,1030.905833,1119.661818,977.0875,1041.690909,975.8416667,913.9966667,1004.115,980.4533333,834.5472727,1125.104545,1138.055251,1032.802601
466,1267.67,1243.459167,1390.163333,1206.953636,1067.818333,1044.304545,1019.418333,1022.266667,992.2725,924.0925,1125.06,963.8975,1341.938,1336.841818,1347.374545,1167.013333,1050.575833,1125.194167,930.6841667,1045.3225,954.8475,882.4545455,1027.194167,980.3054545,1105.61471,1099.145502
474,1147.218333,984.6666667,907.93,1140.343333,1115.105,1110.188182,1116.618333,1125.305833,1503.67,1138.655833,1186.728182,1002.9425,1138.850909,1274.864167,1130.390909,1226.955,1011.5525,1043.569,1051.5475,1187.691,1290.53,1095.325833,1220.749167,1019.380909,1123.281016,1140.950575
482,2293.434444,1604.304167,1465.409091,1886.4925,2138.771667,1957.675,1303.921818,1426.692,1418.545833,1423.049167,1513.532727,1275.472727,1848.712857,1502.053636,1192.197273,1584.281818,2262.063,1685.243333,1403.000833,1371.664167,1181.115455,1188.968333,1359.835,1262.36,1642.275095,1486.791309
483,987.21,995.8641667,899.5625,997.5491667,889.8691667,842.0281818,805.6066667,901.2666667,918.1308333,840.0290909,665.545,777.5781818,1006.448,1131.795,944.1090909,864.7109091,896.9983333,919.2516667,865.5827273,793.9858333,800.1245455,1201.674167,716.815,790.7066667,876.6866351,911.0168283
484,931.5391667,1252.565455,973.4241667,948.895,1277.060833,1136.603,1141.374545,1167.539091,1173.285833,1037.305,959.105,1106.267273,1149.623333,1212.026667,1142.051667,1106.719167,1193.501667,1060.195833,944.9133333,973.9725,998.1375,1025.390909,940.9358333,911.9608333,1092.080364,1054.952437
486,1372.944,1386.166,1131.615833,1165.845833,1288.676667,1213.154545,1251.724167,1198.928333,1254.718333,1164.836667,1239.585,1246.354545,1236.011667,1462.228333,1209.565455,1260.8325,1122.845833,1221.7175,1132.1225,1203.836667,1096.695,1227.769167,1210.05,1127.62,1242.87916,1209.274552
487,1117.731667,1392.865,1115.201667,1176.0125,1110.554167,1006.803636,914.0133333,1042.469091,959.2583333,942.7209091,820.0091667,1186.473333,1117.645,1135,922.995,1054.834167,1008.521667,1040.89,991.8391667,1108.818333,865.4533333,1154.2725,817.2191667,842.1691667,1065.342734,1004.971458
488,1325.409167,1321.095833,1247.345833,1514.296,1272.953333,1553.914545,1099.525833,1373.230909,1492.3175,1299.207,1027.8575,1297.609167,1382.339167,1598.903333,1478.090833,1443.698,1303.951667,1387.606667,1357.189167,1360.915455,1302.454167,1190.951818,1282.816667,1081.705,1318.730218,1347.551828
489,1425.456364,1275.245455,1551.696667,1363.917,1394.521667,1057.93,1599.9725,1173.041,1225.753333,1168.732222,1266.698333,1065.054545,1223.3625,1038.874,1305.632727,1523.917,1249.524167,1132.693333,1086.824167,1463.195,1285.809167,1209.83,1013.595833,1281.852,1297.334924,1234.592491
490,1292.687273,1215.656364,1222.639167,1351.34,1310.1275,1206.160909,1403.230833,1064.506364,1289.515833,1243.269167,946.8233333,1132.713333,1252.131667,1345.993333,1209.936667,1201.908333,1279.835,1284.806667,982.9666667,1116.574167,1124.29,1037.054167,916.5525,1030.809167,1223.222506,1148.571528
491,1134.645,985.9108333,1119.232727,1290.919167,914.9525,1101.0075,830.3925,910.4766667,1010.469167,1010.372727,925.5216667,1008.526667,1192.6775,1046.761667,960.2416667,1055.665833,1064.411667,1153.528,842.1241667,863.0358333,854.3741667,942.4783333,916.2908333,1052.274167,1020.20226,995.3219862
494,2245.888333,1850.708333,2090.815833,1412.419167,1266.663636,1466.492727,1131.409167,939.66,994.7872727,1225.948182,1225.996667,928.9516667,2334.319091,1821.57,1887.8125,1256.2675,1389.728333,1226.373333,1360.939167,1032.131667,1129.111667,1134.5125,1160.008182,988.4191667,1398.311749,1393.432759
495,1440.7675,1209.349091,1173.1875,1274.011,1107.82,1133.52,1178.689167,1187.23,1049.643636,1038.99,1374.144167,1094.119091,1252.115,1210.454545,1170.784545,1018.581111,1075.0275,1031.115833,1133.841667,1231.145,1044.999167,1134.788182,1195.965833,1076.453636,1188.455929,1131.272668
496,1150.745833,1168.016667,1326.1525,1155.665,1067.695,1060.959167,1012.9075,1201.07,1041.515833,1101.724545,1022.384167,1114.974167,1184.402222,1459.693333,1285.342727,1076.316667,841.2291667,1005.05,1168.27,1354.409091,1045.42,1074.0025,894.26,916.9083333,1118.650865,1108.775337
497,1364.010833,1061.299167,1072.010833,1316.975833,1022.0275,1065.198182,1231.943333,976.7766667,1064.128182,1078.18,969.2525,1196.18,1123.365833,1137.656667,1225.965,967.8566667,1076.6075,1067.771667,1034.782727,1046.609091,1044.785833,888.6741667,1060.5325,919.8927273,1118.165252,1049.541698
498,1141.368889,1067.12,1295.336667,1203.72,1215.6175,1128.395833,1026.5,1261.471818,1296.339167,1193.491818,1311.275,1206.215,1174.18,1196.865455,1452.791667,1373.219091,1161.573333,1059.3275,852.7408333,1158.138333,1129.568333,1229.300833,981.5981818,1081.119167,1195.570974,1154.201894
499,1072.3675,886.2336364,871.5816667,827.9341667,791.6191667,889.2818182,950.9225,745.2433333,787.4575,851.2,928.17,841.805,1033.2375,1047.954167,905.3925,743.2672727,933.07,813.2191667,735.3958333,757.4636364,774.8908333,873.8166667,820.57,710.8475,870.318024,845.760423
500,1356.4175,1352.486667,1473.671818,1317.24,1287.645833,1001.7075,1370.075,1673.138889,1214.6075,1329.8675,1392.412727,1329.434545,1085.733333,1085.868182,1531.963333,1229.076364,1068.781667,1429.718182,1282.0725,1568.1775,1417.793333,1175.545455,1164.15,1259.851818,1341.55879,1274.894306
501,1151.858333,967.0733333,966.5333333,804.4225,793.19,936.9318182,1061.311667,893.0608333,971.5458333,860.1966667,876.9333333,753.8925,1153.855455,1042.435455,959.3166667,985.68,985.8118182,914.3318182,1053.474167,859.9581818,799.9916667,956.6558333,822.7758333,764.5108333,919.745846,941.5664774
502,2372.57,1780.958182,1400.555,1517.6925,1203.434545,1728.076364,1294.1,1306.085455,1077.453636,1522.751667,1302.166667,1298.41,1916.825833,1492.253333,1483.732727,1689.828182,1505.5975,1498.314167,1288.534167,1128.589167,1187.7525,1216.013333,1182.754167,1205.976667,1483.687835,1399.680979
504,1149.199,897.7254545,1065.115833,1359.7575,1208.244167,1276.603636,1076.673333,1215.341818,931.92,1398.665833,1175.078333,1301.885,1122.099,1077.191818,1074.448333,1011.061818,1184.320909,1170.685455,992.8208333,1020.21,979.0972727,1248.555455,1179.668333,1130.821667,1171.350826,1099.248408
506,1135.046667,994.0390909,1108.071,1110.269091,1189.45,924.4536364,1033.199091,1022.553,1107.55,1057.246364,870.4636364,1128.105,1214.275,942.2975,977.3941667,1006.977273,1120.601818,1033.245,802.3825,936.4725,975.2833333,897.3908333,869.672,1008.681,1056.703881,982.056077
507,1264.631667,1259.1075,1027.302727,1194.528333,1119.218333,1021.723333,1179.281667,1067.835,1096.109167,978.0216667,961.2825,1026.768333,1367.271667,1196.616667,1220.4875,1295.18,1195.25,1080.650909,1078.156667,1075.885833,1156.373333,982.1425,1160.86,1085.489167,1099.650852,1157.863687
508,1843.388333,2304.211667,2214.992727,2286.169167,2125.4,2114.984545,2212.856667,975.2041667,1056.494167,1097.6,941.4591667,935.5033333,1847.545,2387.657273,2274.139167,2240.144167,2276.197273,2112.0775,2015.198333,985.8608333,1197.713333,1198.185833,959.595,1054.700833,1675.688662,1712.417879
509,833.1245455,991.77,797.0658333,939.0745455,908.2833333,911.825,726.8541667,798.08,899.1258333,906.205,823.4233333,824.3533333,1047.863333,738.149,959.5258333,1125.920833,823.1083333,870.393,853.735,958.2833333,773.3658333,873.4172727,789.5908333,844.7436364,863.2654104,888.1746868
510,1085.03,1160.316,1392.843333,1283.194167,844.9263636,1093.306364,899.7925,1425.495455,962.2654545,881.3133333,1009.809167,1228.587778,1211.475455,1105.022,1138.355455,1080.998333,1248.646364,1134.445455,1101.815833,1037.419167,1113.5525,962.3290909,1033.986667,980.415,1105.573326,1095.70511
511,1052.303636,962.899,831.9875,963.623,863.9658333,852.54,889.8316667,887.1966667,891.7808333,835.8983333,751.62,818.3066667,1103.938,1083.456364,983.175,908.4816667,915.1808333,871.3216667,996.6983333,1003.440833,856.9933333,787.7463636,892.6091667,947.2358333,883.4960947,945.8564495
512,1161.495833,1198.486364,1397.234167,1248.615714,1257.340833,1184.400909,1125.076,1182.522222,1062.17,1139.970833,1216.318333,1079.01,1194.08,1108.495833,1111.771667,1108.14,1182.850833,1233.778182,1172.484545,1145.708333,1019.946667,1177.627273,1223.1575,1139.515,1187.720101,1151.462986
513,1080.055,1095.197273,1048.596364,1111.097273,904.6708333,991.6541667,1029.990833,940.3641667,899.7133333,980.8416667,956.4558333,952.0266667,1200.16,1154.715,1121.479091,1314.529167,1198.218333,988.1608333,1015.968333,1046.45,971.8975,1226.115,1123.6075,972.5845455,999.2219508,1111.157109
514,1142.983,1236.945833,954.04,1004.793636,1024.178333,1243.070833,1179.684167,980.418,970.499,1085.986667,1074.1425,956.4945455,1114.337778,1204.367778,1112.374167,1211.242727,997.4036364,1157.766364,1178.415,1024.416364,1109.05,1214.148333,1180.069091,1148.2125,1071.103043,1137.650312
520,888.5127273,883.6116667,791.0208333,790.4945455,818.6525,823.464,724.1190909,666.92,785.0166667,649.3018182,824.7041667,729.3611111,916.75,822.2227273,859.64,731.6416667,726.5345455,716.8672727,795.8190909,689.7009091,746.19,799.8316667,659.3945455,657.3966667,781.2649272,760.1657576
Grand Total,1270.779786,1183.49949,1156.750131,1151.526887,1120.979734,1129.275294,1074.957886,1076.138725,1054.539359,1054.5068,1038.909358,1031.499873,1270.944676,1194.137282,1155.796273,1141.718018,1105.646333,1093.367669,1054.271976,1049.443167,1022.04961,1010.715018,994.9373161,991.2548224,1111.946944,1090.356847